fetched_at,season,week,gameday,away,home,kind,team,strike,yes_bid,yes_ask,last,volume,open_interest,ticker,close_time
2026-09-30T15:41:13Z,2026,4,2026-10-05,ATL,NO,win,NO,,0.58,0.59,0.59,26638.16,23736.23,KXNFLGAME-26OCT05ATLNO-NO,2026-10-08T00:15:00Z
2026-09-30T15:41:13Z,2026,4,2026-10-05,ATL,NO,win,ATL,,0.42,0.44,0.43,78769.95,63478.73,KXNFLGAME-26OCT05ATLNO-ATL,2026-10-08T00:15:00Z
2026-09-30T15:41:13Z,2026,4,2026-10-04,DET,CAR,win,DET,,0.64,0.65,0.65,27726.23,26023.79,KXNFLGAME-26OCT04DETCAR-DET,2026-10-07T00:20:00Z
2026-09-30T15:41:13Z,2026,4,2026-10-04,DET,CAR,win,CAR,,0.35,0.36,0.36,24682.85,19898.48,KXNFLGAME-26OCT04DETCAR-CAR,2026-10-07T00:20:00Z
2026-09-30T15:41:13Z,2026,4,2026-10-04,DEN,SF,win,SF,,0.57,0.58,0.58,134499.84,119140.56,KXNFLGAME-26OCT04DENSF-SF,2026-10-06T20:25:00Z
2026-09-30T15:41:13Z,2026,4,2026-10-04,DEN,SF,win,DEN,,0.42,0.43,0.42,84980.45,62614.41,KXNFLGAME-26OCT04DENSF-DEN,2026-10-06T20:25:00Z
2026-09-30T15:41:13Z,2026,4,2026-10-04,LAC,SEA,win,SEA,,0.75,0.76,0.76,29016.28,24795.63,KXNFLGAME-26OCT04LACSEA-SEA,2026-10-06T20:25:00Z
2026-09-30T15:41:13Z,2026,4,2026-10-04,LAC,SEA,win,LAC,,0.24,0.25,0.25,41556.96,39663.61,KXNFLGAME-26OCT04LACSEA-LAC,2026-10-06T20:25:00Z
2026-09-30T15:41:13Z,2026,4,2026-10-04,KC,LV,win,LV,,0.35,0.36,0.36,625355.61,546063.51,KXNFLGAME-26OCT04KCLV-LV,2026-10-06T20:25:00Z
2026-09-30T15:41:13Z,2026,4,2026-10-04,KC,LV,win,KC,,0.64,0.66,0.66,290738.25,206782.49,KXNFLGAME-26OCT04KCLV-KC,2026-10-06T20:25:00Z
2026-09-30T15:41:13Z,2026,4,2026-10-04,MIA,MIN,win,MIN,,0.83,0.84,0.84,63673.45,53681.48,KXNFLGAME-26OCT04MIAMIN-MIN,2026-10-06T20:05:00Z
2026-09-30T15:41:13Z,2026,4,2026-10-04,MIA,MIN,win,MIA,,0.16,0.17,0.17,78852.12,69284.24,KXNFLGAME-26OCT04MIAMIN-MIA,2026-10-06T20:05:00Z
2026-09-30T15:41:13Z,2026,4,2026-10-04,JAX,CIN,win,JAX,,0.42,0.44,0.44,54942.09,49228.39,KXNFLGAME-26OCT04JACCIN-JAC,2026-10-06T17:00:00Z
2026-09-30T15:41:13Z,2026,4,2026-10-04,JAX,CIN,win,CIN,,0.57,0.58,0.58,31599.6,29036.06,KXNFLGAME-26OCT04JACCIN-CIN,2026-10-06T17:00:00Z
2026-09-30T15:41:13Z,2026,4,2026-10-04,TEN,BAL,win,TEN,,0.14,0.15,0.15,129948.48,110754.39,KXNFLGAME-26OCT04TENBAL-TEN,2026-10-06T17:00:00Z
2026-09-30T15:41:13Z,2026,4,2026-10-04,TEN,BAL,win,BAL,,0.85,0.86,0.86,106414.54,79739.97,KXNFLGAME-26OCT04TENBAL-BAL,2026-10-06T17:00:00Z
2026-09-30T15:41:13Z,2026,4,2026-10-04,GB,TB,win,TB,,0.36,0.37,0.37,80169.51,58940.13,KXNFLGAME-26OCT04GBTB-TB,2026-10-06T17:00:00Z
2026-09-30T15:41:13Z,2026,4,2026-10-04,GB,TB,win,GB,,0.63,0.65,0.65,112408.1,94333.21,KXNFLGAME-26OCT04GBTB-GB,2026-10-06T17:00:00Z
2026-09-30T15:41:13Z,2026,4,2026-10-04,LAR,PHI,win,PHI,,0.4,0.41,0.41,88299.99,55041.82,KXNFLGAME-26OCT04LARPHI-PHI,2026-10-06T17:00:00Z
2026-09-30T15:41:13Z,2026,4,2026-10-04,LAR,PHI,win,LAR,,0.6,0.61,0.61,84184.52,69815.66,KXNFLGAME-26OCT04LARPHI-LAR,2026-10-06T17:00:00Z
2026-09-30T15:41:13Z,2026,4,2026-10-04,DAL,HOU,win,HOU,,0.57,0.58,0.58,43662.7,33766.6,KXNFLGAME-26OCT04DALHOU-HOU,2026-10-06T17:00:00Z
2026-09-30T15:41:13Z,2026,4,2026-10-04,DAL,HOU,win,DAL,,0.42,0.43,0.43,217541.84,178494.98,KXNFLGAME-26OCT04DALHOU-DAL,2026-10-06T17:00:00Z
2026-09-30T15:41:13Z,2026,4,2026-10-04,NYJ,CHI,win,NYJ,,0.38,0.39,0.38,23623.01,18930.38,KXNFLGAME-26OCT04NYJCHI-NYJ,2026-10-06T17:00:00Z
2026-09-30T15:41:13Z,2026,4,2026-10-04,NYJ,CHI,win,CHI,,0.62,0.63,0.63,37740.61,33433.15,KXNFLGAME-26OCT04NYJCHI-CHI,2026-10-06T17:00:00Z
2026-09-30T15:41:13Z,2026,4,2026-10-04,NE,BUF,win,NE,,0.26,0.27,0.27,56676.79,44756.21,KXNFLGAME-26OCT04NEBUF-NE,2026-10-06T17:00:00Z
2026-09-30T15:41:13Z,2026,4,2026-10-04,NE,BUF,win,BUF,,0.72,0.74,0.74,60043.7,48490.53,KXNFLGAME-26OCT04NEBUF-BUF,2026-10-06T17:00:00Z
2026-09-30T15:41:13Z,2026,4,2026-10-04,ARI,NYG,win,NYG,,0.45,0.46,0.46,42753.24,38239.45,KXNFLGAME-26OCT04ARINYG-NYG,2026-10-06T17:00:00Z
2026-09-30T15:41:13Z,2026,4,2026-10-04,ARI,NYG,win,ARI,,0.54,0.55,0.55,75397.06,69262.9,KXNFLGAME-26OCT04ARINYG-ARI,2026-10-06T17:00:00Z
2026-09-30T15:41:13Z,2026,4,2026-10-04,IND,WAS,win,WAS,,0.36,0.37,0.37,64467.18,52899.28,KXNFLGAME-26OCT04INDWAS-WAS,2026-10-06T13:30:00Z
2026-09-30T15:41:13Z,2026,4,2026-10-04,IND,WAS,win,IND,,0.63,0.64,0.63,32458.1,26164.74,KXNFLGAME-26OCT04INDWAS-IND,2026-10-06T13:30:00Z
2026-09-30T15:41:13Z,2026,4,2026-10-01,PIT,CLE,win,PIT,,0.57,0.58,0.58,296638.09,226121.66,KXNFLGAME-26OCT01PITCLE-PIT,2026-10-04T00:15:00Z
2026-09-30T15:41:13Z,2026,4,2026-10-01,PIT,CLE,win,CLE,,0.42,0.43,0.43,244596.05,221208.58,KXNFLGAME-26OCT01PITCLE-CLE,2026-10-04T00:15:00Z
2026-09-30T15:41:13Z,2026,4,2026-10-05,ATL,NO,spread,NO,7.5,0.29,0.31,0.29,27.0,27.0,KXNFLSPREAD-26OCT05ATLNO-NO8,2026-10-08T00:15:00Z
2026-09-30T15:41:13Z,2026,4,2026-10-05,ATL,NO,spread,NO,6.5,0.34,0.36,0.36,18.61,18.61,KXNFLSPREAD-26OCT05ATLNO-NO7,2026-10-08T00:15:00Z
2026-09-30T15:41:13Z,2026,4,2026-10-05,ATL,NO,spread,NO,5.5,0.37,0.39,0.0,0.0,0.0,KXNFLSPREAD-26OCT05ATLNO-NO6,2026-10-08T00:15:00Z
2026-09-30T15:41:13Z,2026,4,2026-10-05,ATL,NO,spread,NO,4.5,0.4,0.42,0.41,11.0,11.0,KXNFLSPREAD-26OCT05ATLNO-NO5,2026-10-08T00:15:00Z
2026-09-30T15:41:13Z,2026,4,2026-10-05,ATL,NO,spread,NO,3.5,0.43,0.44,0.44,1269.23,1224.75,KXNFLSPREAD-26OCT05ATLNO-NO4,2026-10-08T00:15:00Z
2026-09-30T15:41:13Z,2026,4,2026-10-05,ATL,NO,spread,NO,2.5,0.51,0.53,0.53,3361.52,2966.08,KXNFLSPREAD-26OCT05ATLNO-NO3,2026-10-08T00:15:00Z
2026-09-30T15:41:13Z,2026,4,2026-10-05,ATL,NO,spread,NO,20.5,0.07,0.09,0.0,0.0,0.0,KXNFLSPREAD-26OCT05ATLNO-NO21,2026-10-08T00:15:00Z
2026-09-30T15:41:13Z,2026,4,2026-10-05,ATL,NO,spread,NO,1.5,0.53,0.55,0.54,30.0,30.0,KXNFLSPREAD-26OCT05ATLNO-NO2,2026-10-08T00:15:00Z
2026-09-30T15:41:13Z,2026,4,2026-10-05,ATL,NO,spread,NO,17.5,0.11,0.13,0.0,0.0,0.0,KXNFLSPREAD-26OCT05ATLNO-NO18,2026-10-08T00:15:00Z
2026-09-30T15:41:13Z,2026,4,2026-10-05,ATL,NO,spread,NO,16.5,0.12,0.15,0.0,0.0,0.0,KXNFLSPREAD-26OCT05ATLNO-NO17,2026-10-08T00:15:00Z
2026-09-30T15:41:13Z,2026,4,2026-10-05,ATL,NO,spread,NO,14.5,0.15,0.17,0.0,0.0,0.0,KXNFLSPREAD-26OCT05ATLNO-NO15,2026-10-08T00:15:00Z
2026-09-30T15:41:13Z,2026,4,2026-10-05,ATL,NO,spread,NO,13.5,0.17,0.18,0.18,118.71,118.71,KXNFLSPREAD-26OCT05ATLNO-NO14,2026-10-08T00:15:00Z
2026-09-30T15:41:13Z,2026,4,2026-10-05,ATL,NO,spread,NO,10.5,0.22,0.23,0.0,0.0,0.0,KXNFLSPREAD-26OCT05ATLNO-NO11,2026-10-08T00:15:00Z
2026-09-30T15:41:13Z,2026,4,2026-10-05,ATL,NO,spread,NO,9.5,0.25,0.27,0.26,18.28,18.28,KXNFLSPREAD-26OCT05ATLNO-NO10,2026-10-08T00:15:00Z
2026-09-30T15:41:13Z,2026,4,2026-10-05,ATL,NO,spread,ATL,7.5,0.17,0.19,0.17,28.0,28.0,KXNFLSPREAD-26OCT05ATLNO-ATL8,2026-10-08T00:15:00Z
2026-09-30T15:41:13Z,2026,4,2026-10-05,ATL,NO,spread,ATL,6.5,0.22,0.24,0.24,379.86,354.86,KXNFLSPREAD-26OCT05ATLNO-ATL7,2026-10-08T00:15:00Z
2026-09-30T15:41:13Z,2026,4,2026-10-05,ATL,NO,spread,ATL,5.5,0.25,0.27,0.26,127.98,127.98,KXNFLSPREAD-26OCT05ATLNO-ATL6,2026-10-08T00:15:00Z
2026-09-30T15:41:13Z,2026,4,2026-10-05,ATL,NO,spread,ATL,4.5,0.26,0.28,0.0,0.0,0.0,KXNFLSPREAD-26OCT05ATLNO-ATL5,2026-10-08T00:15:00Z
2026-09-30T15:41:13Z,2026,4,2026-10-05,ATL,NO,spread,ATL,3.5,0.3,0.31,0.0,0.0,0.0,KXNFLSPREAD-26OCT05ATLNO-ATL4,2026-10-08T00:15:00Z
2026-09-30T15:41:13Z,2026,4,2026-10-05,ATL,NO,spread,ATL,2.5,0.37,0.38,0.39,57.39,57.39,KXNFLSPREAD-26OCT05ATLNO-ATL3,2026-10-08T00:15:00Z
2026-09-30T15:41:13Z,2026,4,2026-10-05,ATL,NO,spread,ATL,1.5,0.39,0.4,0.4,11.83,11.83,KXNFLSPREAD-26OCT05ATLNO-ATL2,2026-10-08T00:15:00Z
2026-09-30T15:41:13Z,2026,4,2026-10-05,ATL,NO,spread,ATL,14.5,0.07,0.09,0.0,0.0,0.0,KXNFLSPREAD-26OCT05ATLNO-ATL15,2026-10-08T00:15:00Z
2026-09-30T15:41:13Z,2026,4,2026-10-05,ATL,NO,spread,ATL,13.5,0.09,0.11,0.0,0.0,0.0,KXNFLSPREAD-26OCT05ATLNO-ATL14,2026-10-08T00:15:00Z
2026-09-30T15:41:13Z,2026,4,2026-10-05,ATL,NO,spread,ATL,10.5,0.12,0.15,0.0,0.0,0.0,KXNFLSPREAD-26OCT05ATLNO-ATL11,2026-10-08T00:15:00Z
2026-09-30T15:41:13Z,2026,4,2026-10-05,ATL,NO,spread,ATL,9.5,0.15,0.17,0.16,7.0,7.0,KXNFLSPREAD-26OCT05ATLNO-ATL10,2026-10-08T00:15:00Z
2026-09-30T15:41:13Z,2026,4,2026-10-04,DEN,SF,spread,SF,7.5,0.28,0.29,0.29,5566.65,5441.0,KXNFLSPREAD-26OCT04DENSF-SF8,2026-10-06T20:25:00Z
2026-09-30T15:41:13Z,2026,4,2026-10-04,DEN,SF,spread,SF,6.5,0.34,0.35,0.35,6237.57,5264.05,KXNFLSPREAD-26OCT04DENSF-SF7,2026-10-06T20:25:00Z
2026-09-30T15:41:13Z,2026,4,2026-10-04,DEN,SF,spread,SF,5.5,0.37,0.39,0.39,1279.21,993.1,KXNFLSPREAD-26OCT04DENSF-SF6,2026-10-06T20:25:00Z
2026-09-30T15:41:13Z,2026,4,2026-10-04,DEN,SF,spread,SF,4.5,0.38,0.39,0.4,3798.93,3713.8,KXNFLSPREAD-26OCT04DENSF-SF5,2026-10-06T20:25:00Z
2026-09-30T15:41:13Z,2026,4,2026-10-04,DEN,SF,spread,SF,3.5,0.42,0.43,0.43,7674.59,7347.01,KXNFLSPREAD-26OCT04DENSF-SF4,2026-10-06T20:25:00Z
2026-09-30T15:41:13Z,2026,4,2026-10-04,DEN,SF,spread,SF,2.5,0.51,0.52,0.52,36735.52,34571.67,KXNFLSPREAD-26OCT04DENSF-SF3,2026-10-06T20:25:00Z
2026-09-30T15:41:13Z,2026,4,2026-10-04,DEN,SF,spread,SF,20.5,0.07,0.09,0.07,2.13,2.13,KXNFLSPREAD-26OCT04DENSF-SF21,2026-10-06T20:25:00Z
2026-09-30T15:41:13Z,2026,4,2026-10-04,DEN,SF,spread,SF,1.5,0.54,0.55,0.55,595.97,511.71,KXNFLSPREAD-26OCT04DENSF-SF2,2026-10-06T20:25:00Z
2026-09-30T15:41:13Z,2026,4,2026-10-04,DEN,SF,spread,SF,17.5,0.11,0.12,0.12,584.49,584.49,KXNFLSPREAD-26OCT04DENSF-SF18,2026-10-06T20:25:00Z
2026-09-30T15:41:13Z,2026,4,2026-10-04,DEN,SF,spread,SF,16.5,0.12,0.14,0.12,73.0,13.0,KXNFLSPREAD-26OCT04DENSF-SF17,2026-10-06T20:25:00Z
2026-09-30T15:41:13Z,2026,4,2026-10-04,DEN,SF,spread,SF,14.5,0.14,0.16,0.15,1999.71,1442.0,KXNFLSPREAD-26OCT04DENSF-SF15,2026-10-06T20:25:00Z
2026-09-30T15:41:13Z,2026,4,2026-10-04,DEN,SF,spread,SF,13.5,0.18,0.19,0.19,852.95,717.95,KXNFLSPREAD-26OCT04DENSF-SF14,2026-10-06T20:25:00Z
2026-09-30T15:41:13Z,2026,4,2026-10-04,DEN,SF,spread,SF,10.5,0.21,0.22,0.23,7001.95,6449.61,KXNFLSPREAD-26OCT04DENSF-SF11,2026-10-06T20:25:00Z
2026-09-30T15:41:13Z,2026,4,2026-10-04,DEN,SF,spread,SF,9.5,0.24,0.25,0.25,8329.41,8168.18,KXNFLSPREAD-26OCT04DENSF-SF10,2026-10-06T20:25:00Z
2026-09-30T15:41:13Z,2026,4,2026-10-04,DEN,SF,spread,DEN,7.5,0.17,0.18,0.18,178.86,137.86,KXNFLSPREAD-26OCT04DENSF-DEN8,2026-10-06T20:25:00Z
2026-09-30T15:41:13Z,2026,4,2026-10-04,DEN,SF,spread,DEN,6.5,0.21,0.22,0.24,574.37,541.37,KXNFLSPREAD-26OCT04DENSF-DEN7,2026-10-06T20:25:00Z
2026-09-30T15:41:13Z,2026,4,2026-10-04,DEN,SF,spread,DEN,5.5,0.24,0.25,0.22,2523.0,2500.0,KXNFLSPREAD-26OCT04DENSF-DEN6,2026-10-06T20:25:00Z
2026-09-30T15:41:13Z,2026,4,2026-10-04,DEN,SF,spread,DEN,4.5,0.25,0.26,0.26,7344.15,2938.52,KXNFLSPREAD-26OCT04DENSF-DEN5,2026-10-06T20:25:00Z
2026-09-30T15:41:13Z,2026,4,2026-10-04,DEN,SF,spread,DEN,3.5,0.29,0.3,0.3,3718.07,3716.07,KXNFLSPREAD-26OCT04DENSF-DEN4,2026-10-06T20:25:00Z
2026-09-30T15:41:13Z,2026,4,2026-10-04,DEN,SF,spread,DEN,2.5,0.36,0.37,0.37,1019.3,707.44,KXNFLSPREAD-26OCT04DENSF-DEN3,2026-10-06T20:25:00Z
2026-09-30T15:41:13Z,2026,4,2026-10-04,DEN,SF,spread,DEN,1.5,0.38,0.39,0.39,2197.75,2058.75,KXNFLSPREAD-26OCT04DENSF-DEN2,2026-10-06T20:25:00Z
2026-09-30T15:41:13Z,2026,4,2026-10-04,DEN,SF,spread,DEN,14.5,0.08,0.09,0.07,105.18,105.18,KXNFLSPREAD-26OCT04DENSF-DEN15,2026-10-06T20:25:00Z
2026-09-30T15:41:13Z,2026,4,2026-10-04,DEN,SF,spread,DEN,13.5,0.09,0.11,0.09,51.0,51.0,KXNFLSPREAD-26OCT04DENSF-DEN14,2026-10-06T20:25:00Z
2026-09-30T15:41:13Z,2026,4,2026-10-04,DEN,SF,spread,DEN,10.5,0.12,0.14,0.13,12.0,5.0,KXNFLSPREAD-26OCT04DENSF-DEN11,2026-10-06T20:25:00Z
2026-09-30T15:41:13Z,2026,4,2026-10-04,DEN,SF,spread,DEN,9.5,0.13,0.15,0.13,32.0,32.0,KXNFLSPREAD-26OCT04DENSF-DEN10,2026-10-06T20:25:00Z
2026-09-30T15:41:13Z,2026,4,2026-10-04,DET,CAR,spread,DET,7.5,0.35,0.37,0.36,2113.29,2113.29,KXNFLSPREAD-26OCT04DETCAR-DET8,2026-10-07T00:20:00Z
2026-09-30T15:41:13Z,2026,4,2026-10-04,DET,CAR,spread,DET,6.5,0.41,0.42,0.42,750.64,744.64,KXNFLSPREAD-26OCT04DETCAR-DET7,2026-10-07T00:20:00Z
2026-09-30T15:41:13Z,2026,4,2026-10-04,DET,CAR,spread,DET,5.5,0.44,0.45,0.44,410.6,367.94,KXNFLSPREAD-26OCT04DETCAR-DET6,2026-10-07T00:20:00Z
2026-09-30T15:41:13Z,2026,4,2026-10-04,DET,CAR,spread,DET,4.5,0.46,0.47,0.47,727.07,704.07,KXNFLSPREAD-26OCT04DETCAR-DET5,2026-10-07T00:20:00Z
2026-09-30T15:41:13Z,2026,4,2026-10-04,DET,CAR,spread,DET,3.5,0.5,0.51,0.5,18647.78,16073.59,KXNFLSPREAD-26OCT04DETCAR-DET4,2026-10-07T00:20:00Z
2026-09-30T15:41:13Z,2026,4,2026-10-04,DET,CAR,spread,DET,2.5,0.59,0.6,0.6,6780.51,5495.07,KXNFLSPREAD-26OCT04DETCAR-DET3,2026-10-07T00:20:00Z
2026-09-30T15:41:13Z,2026,4,2026-10-04,DET,CAR,spread,DET,20.5,0.1,0.13,0.0,0.0,0.0,KXNFLSPREAD-26OCT04DETCAR-DET21,2026-10-07T00:20:00Z
2026-09-30T15:41:13Z,2026,4,2026-10-04,DET,CAR,spread,DET,1.5,0.6,0.62,0.61,185.67,185.67,KXNFLSPREAD-26OCT04DETCAR-DET2,2026-10-07T00:20:00Z
2026-09-30T15:41:13Z,2026,4,2026-10-04,DET,CAR,spread,DET,17.5,0.15,0.17,0.11,1.0,1.0,KXNFLSPREAD-26OCT04DETCAR-DET18,2026-10-07T00:20:00Z
2026-09-30T15:41:13Z,2026,4,2026-10-04,DET,CAR,spread,DET,16.5,0.16,0.17,0.18,7010.73,5560.73,KXNFLSPREAD-26OCT04DETCAR-DET17,2026-10-07T00:20:00Z
2026-09-30T15:41:13Z,2026,4,2026-10-04,DET,CAR,spread,DET,14.5,0.19,0.21,0.22,2540.46,2500.0,KXNFLSPREAD-26OCT04DETCAR-DET15,2026-10-07T00:20:00Z
2026-09-30T15:41:13Z,2026,4,2026-10-04,DET,CAR,spread,DET,13.5,0.22,0.23,0.23,941.63,941.63,KXNFLSPREAD-26OCT04DETCAR-DET14,2026-10-07T00:20:00Z
2026-09-30T15:41:13Z,2026,4,2026-10-04,DET,CAR,spread,DET,10.5,0.27,0.29,0.29,2.0,2.0,KXNFLSPREAD-26OCT04DETCAR-DET11,2026-10-07T00:20:00Z
2026-09-30T15:41:13Z,2026,4,2026-10-04,DET,CAR,spread,DET,9.5,0.31,0.32,0.0,0.0,0.0,KXNFLSPREAD-26OCT04DETCAR-DET10,2026-10-07T00:20:00Z
2026-09-30T15:41:13Z,2026,4,2026-10-04,DET,CAR,spread,CAR,7.5,0.14,0.15,0.16,5266.0,3095.0,KXNFLSPREAD-26OCT04DETCAR-CAR8,2026-10-07T00:20:00Z
2026-09-30T15:41:13Z,2026,4,2026-10-04,DET,CAR,spread,CAR,6.5,0.18,0.19,0.19,7109.53,4484.67,KXNFLSPREAD-26OCT04DETCAR-CAR7,2026-10-07T00:20:00Z
2026-09-30T15:41:13Z,2026,4,2026-10-04,DET,CAR,spread,CAR,5.5,0.2,0.21,0.21,4485.58,4395.58,KXNFLSPREAD-26OCT04DETCAR-CAR6,2026-10-07T00:20:00Z
2026-09-30T15:41:13Z,2026,4,2026-10-04,DET,CAR,spread,CAR,4.5,0.21,0.22,0.23,886.0,736.0,KXNFLSPREAD-26OCT04DETCAR-CAR5,2026-10-07T00:20:00Z
2026-09-30T15:41:13Z,2026,4,2026-10-04,DET,CAR,spread,CAR,3.5,0.23,0.24,0.24,23295.68,23292.68,KXNFLSPREAD-26OCT04DETCAR-CAR4,2026-10-07T00:20:00Z
2026-09-30T15:41:13Z,2026,4,2026-10-04,DET,CAR,spread,CAR,2.5,0.3,0.32,0.32,424.0,424.0,KXNFLSPREAD-26OCT04DETCAR-CAR3,2026-10-07T00:20:00Z
2026-09-30T15:41:13Z,2026,4,2026-10-04,DET,CAR,spread,CAR,1.5,0.32,0.33,0.34,1510.4,1410.4,KXNFLSPREAD-26OCT04DETCAR-CAR2,2026-10-07T00:20:00Z
2026-09-30T15:41:13Z,2026,4,2026-10-04,DET,CAR,spread,CAR,14.5,0.06,0.08,0.07,365.0,365.0,KXNFLSPREAD-26OCT04DETCAR-CAR15,2026-10-07T00:20:00Z
2026-09-30T15:41:13Z,2026,4,2026-10-04,DET,CAR,spread,CAR,13.5,0.07,0.08,0.09,85.0,85.0,KXNFLSPREAD-26OCT04DETCAR-CAR14,2026-10-07T00:20:00Z
2026-09-30T15:41:13Z,2026,4,2026-10-04,DET,CAR,spread,CAR,10.5,0.11,0.12,0.11,2601.0,2601.0,KXNFLSPREAD-26OCT04DETCAR-CAR11,2026-10-07T00:20:00Z
2026-09-30T15:41:13Z,2026,4,2026-10-04,DET,CAR,spread,CAR,9.5,0.11,0.13,0.14,3039.5,2525.0,KXNFLSPREAD-26OCT04DETCAR-CAR10,2026-10-07T00:20:00Z
2026-09-30T15:41:13Z,2026,4,2026-10-04,KC,LV,spread,LV,7.5,0.13,0.14,0.14,145.52,129.05,KXNFLSPREAD-26OCT04KCLV-LV8,2026-10-06T20:25:00Z
2026-09-30T15:41:13Z,2026,4,2026-10-04,KC,LV,spread,LV,6.5,0.16,0.17,0.17,3472.02,3326.49,KXNFLSPREAD-26OCT04KCLV-LV7,2026-10-06T20:25:00Z
2026-09-30T15:41:13Z,2026,4,2026-10-04,KC,LV,spread,LV,5.5,0.18,0.2,0.2,921.29,846.29,KXNFLSPREAD-26OCT04KCLV-LV6,2026-10-06T20:25:00Z
2026-09-30T15:41:13Z,2026,4,2026-10-04,KC,LV,spread,LV,4.5,0.19,0.2,0.21,1476.84,636.98,KXNFLSPREAD-26OCT04KCLV-LV5,2026-10-06T20:25:00Z
2026-09-30T15:41:13Z,2026,4,2026-10-04,KC,LV,spread,LV,3.5,0.22,0.23,0.23,4503.32,4233.46,KXNFLSPREAD-26OCT04KCLV-LV4,2026-10-06T20:25:00Z
2026-09-30T15:41:13Z,2026,4,2026-10-04,KC,LV,spread,LV,2.5,0.29,0.3,0.3,3270.59,3191.59,KXNFLSPREAD-26OCT04KCLV-LV3,2026-10-06T20:25:00Z
2026-09-30T15:41:13Z,2026,4,2026-10-04,KC,LV,spread,LV,1.5,0.31,0.32,0.32,2004.94,1815.87,KXNFLSPREAD-26OCT04KCLV-LV2,2026-10-06T20:25:00Z
2026-09-30T15:41:13Z,2026,4,2026-10-04,KC,LV,spread,LV,14.5,0.05,0.06,0.05,1299.5,394.76,KXNFLSPREAD-26OCT04KCLV-LV15,2026-10-06T20:25:00Z
2026-09-30T15:41:13Z,2026,4,2026-10-04,KC,LV,spread,LV,13.5,0.06,0.07,0.07,378.72,112.14,KXNFLSPREAD-26OCT04KCLV-LV14,2026-10-06T20:25:00Z
2026-09-30T15:41:13Z,2026,4,2026-10-04,KC,LV,spread,LV,10.5,0.07,0.09,0.1,538.0,538.0,KXNFLSPREAD-26OCT04KCLV-LV11,2026-10-06T20:25:00Z
2026-09-30T15:41:13Z,2026,4,2026-10-04,KC,LV,spread,LV,9.5,0.09,0.1,0.1,709.61,689.61,KXNFLSPREAD-26OCT04KCLV-LV10,2026-10-06T20:25:00Z
2026-09-30T15:41:13Z,2026,4,2026-10-04,KC,LV,spread,KC,7.5,0.36,0.37,0.36,734.73,530.79,KXNFLSPREAD-26OCT04KCLV-KC8,2026-10-06T20:25:00Z
2026-09-30T15:41:13Z,2026,4,2026-10-04,KC,LV,spread,KC,6.5,0.42,0.43,0.43,11452.51,8024.31,KXNFLSPREAD-26OCT04KCLV-KC7,2026-10-06T20:25:00Z
2026-09-30T15:41:13Z,2026,4,2026-10-04,KC,LV,spread,KC,5.5,0.46,0.47,0.46,2160.96,1551.51,KXNFLSPREAD-26OCT04KCLV-KC6,2026-10-06T20:25:00Z
2026-09-30T15:41:13Z,2026,4,2026-10-04,KC,LV,spread,KC,4.5,0.48,0.49,0.49,38286.13,24498.8,KXNFLSPREAD-26OCT04KCLV-KC5,2026-10-06T20:25:00Z
2026-09-30T15:41:13Z,2026,4,2026-10-04,KC,LV,spread,KC,3.5,0.52,0.53,0.52,2936.65,2462.06,KXNFLSPREAD-26OCT04KCLV-KC4,2026-10-06T20:25:00Z
2026-09-30T15:41:13Z,2026,4,2026-10-04,KC,LV,spread,KC,2.5,0.6,0.61,0.61,760.64,713.3,KXNFLSPREAD-26OCT04KCLV-KC3,2026-10-06T20:25:00Z
2026-09-30T15:41:13Z,2026,4,2026-10-04,KC,LV,spread,KC,20.5,0.11,0.13,0.11,462.23,249.82,KXNFLSPREAD-26OCT04KCLV-KC21,2026-10-06T20:25:00Z
2026-09-30T15:41:13Z,2026,4,2026-10-04,KC,LV,spread,KC,1.5,0.62,0.63,0.64,197.05,97.05,KXNFLSPREAD-26OCT04KCLV-KC2,2026-10-06T20:25:00Z
2026-09-30T15:41:13Z,2026,4,2026-10-04,KC,LV,spread,KC,17.5,0.16,0.18,0.17,13094.23,9112.11,KXNFLSPREAD-26OCT04KCLV-KC18,2026-10-06T20:25:00Z
2026-09-30T15:41:13Z,2026,4,2026-10-04,KC,LV,spread,KC,16.5,0.17,0.19,0.17,444.33,431.58,KXNFLSPREAD-26OCT04KCLV-KC17,2026-10-06T20:25:00Z
2026-09-30T15:41:13Z,2026,4,2026-10-04,KC,LV,spread,KC,14.5,0.21,0.22,0.21,417.89,416.89,KXNFLSPREAD-26OCT04KCLV-KC15,2026-10-06T20:25:00Z
2026-09-30T15:41:13Z,2026,4,2026-10-04,KC,LV,spread,KC,13.5,0.23,0.25,0.24,8979.69,6452.79,KXNFLSPREAD-26OCT04KCLV-KC14,2026-10-06T20:25:00Z
2026-09-30T15:41:13Z,2026,4,2026-10-04,KC,LV,spread,KC,10.5,0.28,0.29,0.28,18018.67,14117.75,KXNFLSPREAD-26OCT04KCLV-KC11,2026-10-06T20:25:00Z
2026-09-30T15:41:13Z,2026,4,2026-10-04,KC,LV,spread,KC,9.5,0.32,0.33,0.33,12969.28,6558.86,KXNFLSPREAD-26OCT04KCLV-KC10,2026-10-06T20:25:00Z
2026-09-30T15:41:13Z,2026,4,2026-10-04,MIA,MIN,spread,MIN,7.5,0.59,0.6,0.6,7194.62,7015.87,KXNFLSPREAD-26OCT04MIAMIN-MIN8,2026-10-06T20:05:00Z
2026-09-30T15:41:13Z,2026,4,2026-10-04,MIA,MIN,spread,MIN,6.5,0.64,0.66,0.66,14185.07,14011.15,KXNFLSPREAD-26OCT04MIAMIN-MIN7,2026-10-06T20:05:00Z
2026-09-30T15:41:13Z,2026,4,2026-10-04,MIA,MIN,spread,MIN,5.5,0.68,0.7,0.7,10049.25,6892.22,KXNFLSPREAD-26OCT04MIAMIN-MIN6,2026-10-06T20:05:00Z
2026-09-30T15:41:13Z,2026,4,2026-10-04,MIA,MIN,spread,MIN,4.5,0.7,0.72,0.72,14014.85,13816.68,KXNFLSPREAD-26OCT04MIAMIN-MIN5,2026-10-06T20:05:00Z
2026-09-30T15:41:13Z,2026,4,2026-10-04,MIA,MIN,spread,MIN,3.5,0.72,0.74,0.74,71338.1,64541.23,KXNFLSPREAD-26OCT04MIAMIN-MIN4,2026-10-06T20:05:00Z
2026-09-30T15:41:13Z,2026,4,2026-10-04,MIA,MIN,spread,MIN,30.5,0.07,0.08,0.09,19169.24,18974.01,KXNFLSPREAD-26OCT04MIAMIN-MIN31,2026-10-06T20:05:00Z
2026-09-30T15:41:13Z,2026,4,2026-10-04,MIA,MIN,spread,MIN,2.5,0.79,0.8,0.81,2630.07,2130.07,KXNFLSPREAD-26OCT04MIAMIN-MIN3,2026-10-06T20:05:00Z
2026-09-30T15:41:13Z,2026,4,2026-10-04,MIA,MIN,spread,MIN,27.5,0.1,0.12,0.11,23751.25,22946.25,KXNFLSPREAD-26OCT04MIAMIN-MIN28,2026-10-06T20:05:00Z
2026-09-30T15:41:13Z,2026,4,2026-10-04,MIA,MIN,spread,MIN,23.5,0.18,0.19,0.17,67359.56,56081.82,KXNFLSPREAD-26OCT04MIAMIN-MIN24,2026-10-06T20:05:00Z
2026-09-30T15:41:13Z,2026,4,2026-10-04,MIA,MIN,spread,MIN,20.5,0.22,0.24,0.23,26726.6,10726.94,KXNFLSPREAD-26OCT04MIAMIN-MIN21,2026-10-06T20:05:00Z
2026-09-30T15:41:13Z,2026,4,2026-10-04,MIA,MIN,spread,MIN,1.5,0.81,0.83,0.83,393.0,173.0,KXNFLSPREAD-26OCT04MIAMIN-MIN2,2026-10-06T20:05:00Z
2026-09-30T15:41:13Z,2026,4,2026-10-04,MIA,MIN,spread,MIN,17.5,0.29,0.3,0.3,10326.6,7480.48,KXNFLSPREAD-26OCT04MIAMIN-MIN18,2026-10-06T20:05:00Z
2026-09-30T15:41:13Z,2026,4,2026-10-04,MIA,MIN,spread,MIN,16.5,0.33,0.34,0.34,5841.9,987.42,KXNFLSPREAD-26OCT04MIAMIN-MIN17,2026-10-06T20:05:00Z
2026-09-30T15:41:13Z,2026,4,2026-10-04,MIA,MIN,spread,MIN,14.5,0.38,0.4,0.38,2539.92,2077.01,KXNFLSPREAD-26OCT04MIAMIN-MIN15,2026-10-06T20:05:00Z
2026-09-30T15:41:13Z,2026,4,2026-10-04,MIA,MIN,spread,MIN,13.5,0.42,0.43,0.43,6030.56,5454.59,KXNFLSPREAD-26OCT04MIAMIN-MIN14,2026-10-06T20:05:00Z
2026-09-30T15:41:13Z,2026,4,2026-10-04,MIA,MIN,spread,MIN,10.5,0.49,0.5,0.5,11023.4,10098.18,KXNFLSPREAD-26OCT04MIAMIN-MIN11,2026-10-06T20:05:00Z
2026-09-30T15:41:13Z,2026,4,2026-10-04,MIA,MIN,spread,MIN,9.5,0.55,0.56,0.56,9083.14,6837.86,KXNFLSPREAD-26OCT04MIAMIN-MIN10,2026-10-06T20:05:00Z
2026-09-30T15:41:13Z,2026,4,2026-10-04,MIA,MIN,spread,MIA,7.5,0.04,0.06,0.05,4131.5,4129.5,KXNFLSPREAD-26OCT04MIAMIN-MIA8,2026-10-06T20:05:00Z
2026-09-30T15:41:13Z,2026,4,2026-10-04,MIA,MIN,spread,MIA,6.5,0.06,0.08,0.07,3102.0,3102.0,KXNFLSPREAD-26OCT04MIAMIN-MIA7,2026-10-06T20:05:00Z
2026-09-30T15:41:13Z,2026,4,2026-10-04,MIA,MIN,spread,MIA,5.5,0.07,0.09,0.08,51.43,51.43,KXNFLSPREAD-26OCT04MIAMIN-MIA6,2026-10-06T20:05:00Z
2026-09-30T15:41:13Z,2026,4,2026-10-04,MIA,MIN,spread,MIA,4.5,0.08,0.1,0.0,0.0,0.0,KXNFLSPREAD-26OCT04MIAMIN-MIA5,2026-10-06T20:05:00Z
2026-09-30T15:41:13Z,2026,4,2026-10-04,MIA,MIN,spread,MIA,3.5,0.1,0.11,0.1,32.0,32.0,KXNFLSPREAD-26OCT04MIAMIN-MIA4,2026-10-06T20:05:00Z
2026-09-30T15:41:13Z,2026,4,2026-10-04,MIA,MIN,spread,MIA,2.5,0.12,0.14,0.14,43.11,43.11,KXNFLSPREAD-26OCT04MIAMIN-MIA3,2026-10-06T20:05:00Z
2026-09-30T15:41:13Z,2026,4,2026-10-04,MIA,MIN,spread,MIA,1.5,0.14,0.16,0.15,2673.16,2673.16,KXNFLSPREAD-26OCT04MIAMIN-MIA2,2026-10-06T20:05:00Z
2026-09-30T15:41:13Z,2026,4,2026-10-04,MIA,MIN,spread,MIA,10.5,0.03,0.04,0.03,28.26,28.26,KXNFLSPREAD-26OCT04MIAMIN-MIA11,2026-10-06T20:05:00Z
2026-09-30T15:41:13Z,2026,4,2026-10-04,MIA,MIN,spread,MIA,9.5,0.03,0.05,0.04,56.0,55.0,KXNFLSPREAD-26OCT04MIAMIN-MIA10,2026-10-06T20:05:00Z
2026-09-30T15:41:13Z,2026,4,2026-10-04,TEN,BAL,spread,TEN,7.5,0.04,0.05,0.04,1479.33,1471.33,KXNFLSPREAD-26OCT04TENBAL-TEN8,2026-10-06T17:00:00Z
2026-09-30T15:41:13Z,2026,4,2026-10-04,TEN,BAL,spread,TEN,6.5,0.05,0.07,0.05,18.63,18.63,KXNFLSPREAD-26OCT04TENBAL-TEN7,2026-10-06T17:00:00Z
2026-09-30T15:41:13Z,2026,4,2026-10-04,TEN,BAL,spread,TEN,5.5,0.06,0.08,0.0,0.0,0.0,KXNFLSPREAD-26OCT04TENBAL-TEN6,2026-10-06T17:00:00Z
2026-09-30T15:41:13Z,2026,4,2026-10-04,TEN,BAL,spread,TEN,4.5,0.06,0.08,0.06,3118.0,3084.0,KXNFLSPREAD-26OCT04TENBAL-TEN5,2026-10-06T17:00:00Z
2026-09-30T15:41:13Z,2026,4,2026-10-04,TEN,BAL,spread,TEN,3.5,0.07,0.09,0.07,4.0,4.0,KXNFLSPREAD-26OCT04TENBAL-TEN4,2026-10-06T17:00:00Z
2026-09-30T15:41:13Z,2026,4,2026-10-04,TEN,BAL,spread,TEN,2.5,0.1,0.12,0.0,0.0,0.0,KXNFLSPREAD-26OCT04TENBAL-TEN3,2026-10-06T17:00:00Z
2026-09-30T15:41:13Z,2026,4,2026-10-04,TEN,BAL,spread,TEN,1.5,0.11,0.13,0.13,4242.45,4216.0,KXNFLSPREAD-26OCT04TENBAL-TEN2,2026-10-06T17:00:00Z
2026-09-30T15:41:13Z,2026,4,2026-10-04,TEN,BAL,spread,TEN,10.5,0.03,0.04,0.03,202.73,202.73,KXNFLSPREAD-26OCT04TENBAL-TEN11,2026-10-06T17:00:00Z
2026-09-30T15:41:13Z,2026,4,2026-10-04,TEN,BAL,spread,TEN,9.5,0.03,0.04,0.03,80.78,80.78,KXNFLSPREAD-26OCT04TENBAL-TEN10,2026-10-06T17:00:00Z
2026-09-30T15:41:13Z,2026,4,2026-10-04,TEN,BAL,spread,BAL,7.5,0.62,0.63,0.63,3248.67,3248.67,KXNFLSPREAD-26OCT04TENBAL-BAL8,2026-10-06T17:00:00Z
2026-09-30T15:41:13Z,2026,4,2026-10-04,TEN,BAL,spread,BAL,6.5,0.68,0.69,0.69,13595.4,11911.32,KXNFLSPREAD-26OCT04TENBAL-BAL7,2026-10-06T17:00:00Z
2026-09-30T15:41:13Z,2026,4,2026-10-04,TEN,BAL,spread,BAL,5.5,0.7,0.72,0.72,6311.48,6286.48,KXNFLSPREAD-26OCT04TENBAL-BAL6,2026-10-06T17:00:00Z
2026-09-30T15:41:13Z,2026,4,2026-10-04,TEN,BAL,spread,BAL,4.5,0.73,0.74,0.73,2613.67,2457.97,KXNFLSPREAD-26OCT04TENBAL-BAL5,2026-10-06T17:00:00Z
2026-09-30T15:41:13Z,2026,4,2026-10-04,TEN,BAL,spread,BAL,3.5,0.74,0.75,0.76,2886.44,2886.44,KXNFLSPREAD-26OCT04TENBAL-BAL4,2026-10-06T17:00:00Z
2026-09-30T15:41:13Z,2026,4,2026-10-04,TEN,BAL,spread,BAL,30.5,0.07,0.08,0.08,333.16,301.63,KXNFLSPREAD-26OCT04TENBAL-BAL31,2026-10-06T17:00:00Z
2026-09-30T15:41:13Z,2026,4,2026-10-04,TEN,BAL,spread,BAL,2.5,0.82,0.83,0.83,14486.77,14361.77,KXNFLSPREAD-26OCT04TENBAL-BAL3,2026-10-06T17:00:00Z
2026-09-30T15:41:13Z,2026,4,2026-10-04,TEN,BAL,spread,BAL,27.5,0.12,0.13,0.12,309.03,258.03,KXNFLSPREAD-26OCT04TENBAL-BAL28,2026-10-06T17:00:00Z
2026-09-30T15:41:13Z,2026,4,2026-10-04,TEN,BAL,spread,BAL,23.5,0.17,0.19,0.19,2230.0,1834.0,KXNFLSPREAD-26OCT04TENBAL-BAL24,2026-10-06T17:00:00Z
2026-09-30T15:41:13Z,2026,4,2026-10-04,TEN,BAL,spread,BAL,20.5,0.24,0.25,0.25,9320.34,6065.0,KXNFLSPREAD-26OCT04TENBAL-BAL21,2026-10-06T17:00:00Z
2026-09-30T15:41:13Z,2026,4,2026-10-04,TEN,BAL,spread,BAL,1.5,0.84,0.85,0.85,4938.59,2388.59,KXNFLSPREAD-26OCT04TENBAL-BAL2,2026-10-06T17:00:00Z
2026-09-30T15:41:13Z,2026,4,2026-10-04,TEN,BAL,spread,BAL,17.5,0.31,0.33,0.33,18390.75,14554.84,KXNFLSPREAD-26OCT04TENBAL-BAL18,2026-10-06T17:00:00Z
2026-09-30T15:41:13Z,2026,4,2026-10-04,TEN,BAL,spread,BAL,16.5,0.35,0.36,0.37,22600.43,17879.79,KXNFLSPREAD-26OCT04TENBAL-BAL17,2026-10-06T17:00:00Z
2026-09-30T15:41:13Z,2026,4,2026-10-04,TEN,BAL,spread,BAL,14.5,0.4,0.41,0.39,204.33,149.33,KXNFLSPREAD-26OCT04TENBAL-BAL15,2026-10-06T17:00:00Z
2026-09-30T15:41:13Z,2026,4,2026-10-04,TEN,BAL,spread,BAL,13.5,0.45,0.46,0.46,1555.41,1270.98,KXNFLSPREAD-26OCT04TENBAL-BAL14,2026-10-06T17:00:00Z
2026-09-30T15:41:13Z,2026,4,2026-10-04,TEN,BAL,spread,BAL,11.5,0.49,0.5,0.5,19160.35,11921.39,KXNFLSPREAD-26OCT04TENBAL-BAL12,2026-10-06T17:00:00Z
2026-09-30T15:41:13Z,2026,4,2026-10-04,TEN,BAL,spread,BAL,10.5,0.52,0.54,0.54,2497.2,2140.27,KXNFLSPREAD-26OCT04TENBAL-BAL11,2026-10-06T17:00:00Z
2026-09-30T15:41:13Z,2026,4,2026-10-04,TEN,BAL,spread,BAL,9.5,0.57,0.58,0.58,1114.59,1090.61,KXNFLSPREAD-26OCT04TENBAL-BAL10,2026-10-06T17:00:00Z
2026-09-30T15:41:13Z,2026,4,2026-10-04,DAL,HOU,spread,HOU,7.5,0.3,0.31,0.3,953.47,953.47,KXNFLSPREAD-26OCT04DALHOU-HOU8,2026-10-06T17:00:00Z
2026-09-30T15:41:13Z,2026,4,2026-10-04,DAL,HOU,spread,HOU,6.5,0.35,0.36,0.35,2258.19,1747.0,KXNFLSPREAD-26OCT04DALHOU-HOU7,2026-10-06T17:00:00Z
2026-09-30T15:41:13Z,2026,4,2026-10-04,DAL,HOU,spread,HOU,5.5,0.39,0.4,0.39,223.39,199.39,KXNFLSPREAD-26OCT04DALHOU-HOU6,2026-10-06T17:00:00Z
2026-09-30T15:41:13Z,2026,4,2026-10-04,DAL,HOU,spread,HOU,4.5,0.41,0.42,0.41,58.55,58.55,KXNFLSPREAD-26OCT04DALHOU-HOU5,2026-10-06T17:00:00Z
2026-09-30T15:41:13Z,2026,4,2026-10-04,DAL,HOU,spread,HOU,3.5,0.44,0.45,0.44,1179.72,1093.93,KXNFLSPREAD-26OCT04DALHOU-HOU4,2026-10-06T17:00:00Z
2026-09-30T15:41:13Z,2026,4,2026-10-04,DAL,HOU,spread,HOU,2.5,0.53,0.54,0.54,9917.86,7503.46,KXNFLSPREAD-26OCT04DALHOU-HOU3,2026-10-06T17:00:00Z
2026-09-30T15:41:13Z,2026,4,2026-10-04,DAL,HOU,spread,HOU,20.5,0.07,0.09,0.08,669.72,669.72,KXNFLSPREAD-26OCT04DALHOU-HOU21,2026-10-06T17:00:00Z
2026-09-30T15:41:13Z,2026,4,2026-10-04,DAL,HOU,spread,HOU,1.5,0.55,0.57,0.55,154.12,130.73,KXNFLSPREAD-26OCT04DALHOU-HOU2,2026-10-06T17:00:00Z
2026-09-30T15:41:13Z,2026,4,2026-10-04,DAL,HOU,spread,HOU,17.5,0.12,0.13,0.11,10135.4,6990.89,KXNFLSPREAD-26OCT04DALHOU-HOU18,2026-10-06T17:00:00Z
2026-09-30T15:41:13Z,2026,4,2026-10-04,DAL,HOU,spread,HOU,16.5,0.14,0.16,0.12,42.0,25.0,KXNFLSPREAD-26OCT04DALHOU-HOU17,2026-10-06T17:00:00Z
2026-09-30T15:41:13Z,2026,4,2026-10-04,DAL,HOU,spread,HOU,14.5,0.16,0.18,0.15,3171.3,2264.0,KXNFLSPREAD-26OCT04DALHOU-HOU15,2026-10-06T17:00:00Z
2026-09-30T15:41:13Z,2026,4,2026-10-04,DAL,HOU,spread,HOU,13.5,0.18,0.19,0.17,7436.19,4545.21,KXNFLSPREAD-26OCT04DALHOU-HOU14,2026-10-06T17:00:00Z
2026-09-30T15:41:13Z,2026,4,2026-10-04,DAL,HOU,spread,HOU,10.5,0.24,0.25,0.23,1644.96,1644.96,KXNFLSPREAD-26OCT04DALHOU-HOU11,2026-10-06T17:00:00Z
2026-09-30T15:41:13Z,2026,4,2026-10-04,DAL,HOU,spread,HOU,9.5,0.26,0.27,0.25,2253.0,2206.0,KXNFLSPREAD-26OCT04DALHOU-HOU10,2026-10-06T17:00:00Z
2026-09-30T15:41:13Z,2026,4,2026-10-04,DAL,HOU,spread,DAL,7.5,0.19,0.2,0.2,577.41,577.41,KXNFLSPREAD-26OCT04DALHOU-DAL8,2026-10-06T17:00:00Z
2026-09-30T15:41:13Z,2026,4,2026-10-04,DAL,HOU,spread,DAL,6.5,0.23,0.24,0.24,626.37,356.37,KXNFLSPREAD-26OCT04DALHOU-DAL7,2026-10-06T17:00:00Z
2026-09-30T15:41:13Z,2026,4,2026-10-04,DAL,HOU,spread,DAL,5.5,0.25,0.26,0.27,90.55,56.11,KXNFLSPREAD-26OCT04DALHOU-DAL6,2026-10-06T17:00:00Z
2026-09-30T15:41:13Z,2026,4,2026-10-04,DAL,HOU,spread,DAL,4.5,0.27,0.28,0.29,2804.31,2617.48,KXNFLSPREAD-26OCT04DALHOU-DAL5,2026-10-06T17:00:00Z
2026-09-30T15:41:13Z,2026,4,2026-10-04,DAL,HOU,spread,DAL,3.5,0.29,0.31,0.31,52.6,52.6,KXNFLSPREAD-26OCT04DALHOU-DAL4,2026-10-06T17:00:00Z
2026-09-30T15:41:13Z,2026,4,2026-10-04,DAL,HOU,spread,DAL,2.5,0.37,0.38,0.38,1864.59,1789.59,KXNFLSPREAD-26OCT04DALHOU-DAL3,2026-10-06T17:00:00Z
2026-09-30T15:41:13Z,2026,4,2026-10-04,DAL,HOU,spread,DAL,1.5,0.38,0.39,0.39,1005.05,826.82,KXNFLSPREAD-26OCT04DALHOU-DAL2,2026-10-06T17:00:00Z
2026-09-30T15:41:13Z,2026,4,2026-10-04,DAL,HOU,spread,DAL,14.5,0.08,0.1,0.0,0.0,0.0,KXNFLSPREAD-26OCT04DALHOU-DAL15,2026-10-06T17:00:00Z
2026-09-30T15:41:13Z,2026,4,2026-10-04,DAL,HOU,spread,DAL,13.5,0.1,0.12,0.1,52.0,27.0,KXNFLSPREAD-26OCT04DALHOU-DAL14,2026-10-06T17:00:00Z
2026-09-30T15:41:13Z,2026,4,2026-10-04,DAL,HOU,spread,DAL,10.5,0.13,0.15,0.15,379.61,379.61,KXNFLSPREAD-26OCT04DALHOU-DAL11,2026-10-06T17:00:00Z
2026-09-30T15:41:13Z,2026,4,2026-10-04,DAL,HOU,spread,DAL,9.5,0.15,0.17,0.17,173.34,173.34,KXNFLSPREAD-26OCT04DALHOU-DAL10,2026-10-06T17:00:00Z
2026-09-30T15:41:13Z,2026,4,2026-10-04,LAC,SEA,spread,SEA,7.5,0.47,0.48,0.48,7077.31,5273.9,KXNFLSPREAD-26OCT04LACSEA-SEA8,2026-10-06T20:25:00Z
2026-09-30T15:41:13Z,2026,4,2026-10-04,LAC,SEA,spread,SEA,6.5,0.55,0.56,0.56,13790.83,13543.15,KXNFLSPREAD-26OCT04LACSEA-SEA7,2026-10-06T20:25:00Z
2026-09-30T15:41:13Z,2026,4,2026-10-04,LAC,SEA,spread,SEA,5.5,0.59,0.6,0.6,3093.6,3093.6,KXNFLSPREAD-26OCT04LACSEA-SEA6,2026-10-06T20:25:00Z
2026-09-30T15:41:13Z,2026,4,2026-10-04,LAC,SEA,spread,SEA,4.5,0.6,0.62,0.59,8.94,6.94,KXNFLSPREAD-26OCT04LACSEA-SEA5,2026-10-06T20:25:00Z
2026-09-30T15:41:13Z,2026,4,2026-10-04,LAC,SEA,spread,SEA,3.5,0.63,0.64,0.64,35099.13,35022.93,KXNFLSPREAD-26OCT04LACSEA-SEA4,2026-10-06T20:25:00Z
2026-09-30T15:41:13Z,2026,4,2026-10-04,LAC,SEA,spread,SEA,2.5,0.72,0.73,0.71,883.59,383.59,KXNFLSPREAD-26OCT04LACSEA-SEA3,2026-10-06T20:25:00Z
2026-09-30T15:41:13Z,2026,4,2026-10-04,LAC,SEA,spread,SEA,27.5,0.06,0.07,0.0,0.0,0.0,KXNFLSPREAD-26OCT04LACSEA-SEA28,2026-10-06T20:25:00Z
2026-09-30T15:41:13Z,2026,4,2026-10-04,LAC,SEA,spread,SEA,23.5,0.11,0.12,0.1,2099.0,2097.0,KXNFLSPREAD-26OCT04LACSEA-SEA24,2026-10-06T20:25:00Z
2026-09-30T15:41:13Z,2026,4,2026-10-04,LAC,SEA,spread,SEA,20.5,0.17,0.18,0.17,672.0,647.0,KXNFLSPREAD-26OCT04LACSEA-SEA21,2026-10-06T20:25:00Z
2026-09-30T15:41:13Z,2026,4,2026-10-04,LAC,SEA,spread,SEA,1.5,0.73,0.75,0.73,1206.72,1206.72,KXNFLSPREAD-26OCT04LACSEA-SEA2,2026-10-06T20:25:00Z
2026-09-30T15:41:13Z,2026,4,2026-10-04,LAC,SEA,spread,SEA,17.5,0.21,0.22,0.21,304.14,192.14,KXNFLSPREAD-26OCT04LACSEA-SEA18,2026-10-06T20:25:00Z
2026-09-30T15:41:13Z,2026,4,2026-10-04,LAC,SEA,spread,SEA,16.5,0.23,0.24,0.24,3799.82,3030.0,KXNFLSPREAD-26OCT04LACSEA-SEA17,2026-10-06T20:25:00Z
2026-09-30T15:41:13Z,2026,4,2026-10-04,LAC,SEA,spread,SEA,14.5,0.27,0.28,0.28,6970.68,6586.09,KXNFLSPREAD-26OCT04LACSEA-SEA15,2026-10-06T20:25:00Z
2026-09-30T15:41:13Z,2026,4,2026-10-04,LAC,SEA,spread,SEA,13.5,0.32,0.33,0.33,301.5,201.5,KXNFLSPREAD-26OCT04LACSEA-SEA14,2026-10-06T20:25:00Z
2026-09-30T15:41:13Z,2026,4,2026-10-04,LAC,SEA,spread,SEA,10.5,0.38,0.39,0.38,8624.71,7992.89,KXNFLSPREAD-26OCT04LACSEA-SEA11,2026-10-06T20:25:00Z
2026-09-30T15:41:13Z,2026,4,2026-10-04,LAC,SEA,spread,SEA,9.5,0.43,0.44,0.44,7146.84,7029.73,KXNFLSPREAD-26OCT04LACSEA-SEA10,2026-10-06T20:25:00Z
2026-09-30T15:41:13Z,2026,4,2026-10-04,LAC,SEA,spread,LAC,7.5,0.08,0.09,0.1,18964.0,18856.0,KXNFLSPREAD-26OCT04LACSEA-LAC8,2026-10-06T20:25:00Z
2026-09-30T15:41:13Z,2026,4,2026-10-04,LAC,SEA,spread,LAC,6.5,0.11,0.12,0.12,18873.96,18670.96,KXNFLSPREAD-26OCT04LACSEA-LAC7,2026-10-06T20:25:00Z
2026-09-30T15:41:13Z,2026,4,2026-10-04,LAC,SEA,spread,LAC,5.5,0.12,0.13,0.14,250.37,235.37,KXNFLSPREAD-26OCT04LACSEA-LAC6,2026-10-06T20:25:00Z
2026-09-30T15:41:13Z,2026,4,2026-10-04,LAC,SEA,spread,LAC,4.5,0.13,0.14,0.15,16407.24,16260.24,KXNFLSPREAD-26OCT04LACSEA-LAC5,2026-10-06T20:25:00Z
2026-09-30T15:41:13Z,2026,4,2026-10-04,LAC,SEA,spread,LAC,3.5,0.14,0.16,0.17,1387.55,1088.0,KXNFLSPREAD-26OCT04LACSEA-LAC4,2026-10-06T20:25:00Z
2026-09-30T15:41:13Z,2026,4,2026-10-04,LAC,SEA,spread,LAC,2.5,0.2,0.21,0.21,5317.8,5168.92,KXNFLSPREAD-26OCT04LACSEA-LAC3,2026-10-06T20:25:00Z
2026-09-30T15:41:13Z,2026,4,2026-10-04,LAC,SEA,spread,LAC,1.5,0.21,0.22,0.22,7218.82,6958.02,KXNFLSPREAD-26OCT04LACSEA-LAC2,2026-10-06T20:25:00Z
2026-09-30T15:41:13Z,2026,4,2026-10-04,LAC,SEA,spread,LAC,14.5,0.03,0.04,0.0,0.0,0.0,KXNFLSPREAD-26OCT04LACSEA-LAC15,2026-10-06T20:25:00Z
2026-09-30T15:41:13Z,2026,4,2026-10-04,LAC,SEA,spread,LAC,13.5,0.03,0.04,0.07,42.0,42.0,KXNFLSPREAD-26OCT04LACSEA-LAC14,2026-10-06T20:25:00Z
2026-09-30T15:41:13Z,2026,4,2026-10-04,LAC,SEA,spread,LAC,10.5,0.04,0.06,0.07,113.23,109.23,KXNFLSPREAD-26OCT04LACSEA-LAC11,2026-10-06T20:25:00Z
2026-09-30T15:41:13Z,2026,4,2026-10-04,LAC,SEA,spread,LAC,9.5,0.06,0.07,0.07,820.18,767.0,KXNFLSPREAD-26OCT04LACSEA-LAC10,2026-10-06T20:25:00Z
2026-09-30T15:41:13Z,2026,4,2026-10-04,ARI,NYG,spread,NYG,7.5,0.19,0.2,0.21,4351.66,4333.86,KXNFLSPREAD-26OCT04ARINYG-NYG8,2026-10-06T17:00:00Z
2026-09-30T15:41:13Z,2026,4,2026-10-04,ARI,NYG,spread,NYG,6.5,0.24,0.25,0.26,27217.99,27000.0,KXNFLSPREAD-26OCT04ARINYG-NYG7,2026-10-06T17:00:00Z
2026-09-30T15:41:13Z,2026,4,2026-10-04,ARI,NYG,spread,NYG,5.5,0.27,0.28,0.31,27713.95,27535.75,KXNFLSPREAD-26OCT04ARINYG-NYG6,2026-10-06T17:00:00Z
2026-09-30T15:41:13Z,2026,4,2026-10-04,ARI,NYG,spread,NYG,4.5,0.3,0.32,0.33,7804.15,4262.34,KXNFLSPREAD-26OCT04ARINYG-NYG5,2026-10-06T17:00:00Z
2026-09-30T15:41:13Z,2026,4,2026-10-04,ARI,NYG,spread,NYG,3.5,0.33,0.34,0.36,6179.29,6179.29,KXNFLSPREAD-26OCT04ARINYG-NYG4,2026-10-06T17:00:00Z
2026-09-30T15:41:13Z,2026,4,2026-10-04,ARI,NYG,spread,NYG,2.5,0.39,0.4,0.41,288.89,286.15,KXNFLSPREAD-26OCT04ARINYG-NYG3,2026-10-06T17:00:00Z
2026-09-30T15:41:13Z,2026,4,2026-10-04,ARI,NYG,spread,NYG,20.5,0.05,0.06,0.09,33.4,33.4,KXNFLSPREAD-26OCT04ARINYG-NYG21,2026-10-06T17:00:00Z
2026-09-30T15:41:13Z,2026,4,2026-10-04,ARI,NYG,spread,NYG,1.5,0.41,0.42,0.43,4858.87,1038.2,KXNFLSPREAD-26OCT04ARINYG-NYG2,2026-10-06T17:00:00Z
2026-09-30T15:41:13Z,2026,4,2026-10-04,ARI,NYG,spread,NYG,17.5,0.06,0.08,0.08,500.0,500.0,KXNFLSPREAD-26OCT04ARINYG-NYG18,2026-10-06T17:00:00Z
2026-09-30T15:41:13Z,2026,4,2026-10-04,ARI,NYG,spread,NYG,16.5,0.07,0.09,0.1,6.38,6.38,KXNFLSPREAD-26OCT04ARINYG-NYG17,2026-10-06T17:00:00Z
2026-09-30T15:41:13Z,2026,4,2026-10-04,ARI,NYG,spread,NYG,14.5,0.09,0.11,0.12,1893.53,1893.53,KXNFLSPREAD-26OCT04ARINYG-NYG15,2026-10-06T17:00:00Z
2026-09-30T15:41:13Z,2026,4,2026-10-04,ARI,NYG,spread,NYG,13.5,0.12,0.13,0.14,2972.95,1922.95,KXNFLSPREAD-26OCT04ARINYG-NYG14,2026-10-06T17:00:00Z
2026-09-30T15:41:13Z,2026,4,2026-10-04,ARI,NYG,spread,NYG,10.5,0.14,0.16,0.18,4635.17,3597.34,KXNFLSPREAD-26OCT04ARINYG-NYG11,2026-10-06T17:00:00Z
2026-09-30T15:41:13Z,2026,4,2026-10-04,ARI,NYG,spread,NYG,9.5,0.18,0.19,0.2,4063.95,3850.95,KXNFLSPREAD-26OCT04ARINYG-NYG10,2026-10-06T17:00:00Z
2026-09-30T15:41:13Z,2026,4,2026-10-04,ARI,NYG,spread,ARI,7.5,0.25,0.26,0.25,18324.69,17699.69,KXNFLSPREAD-26OCT04ARINYG-ARI8,2026-10-06T17:00:00Z
2026-09-30T15:41:13Z,2026,4,2026-10-04,ARI,NYG,spread,ARI,6.5,0.31,0.32,0.32,2977.6,1636.6,KXNFLSPREAD-26OCT04ARINYG-ARI7,2026-10-06T17:00:00Z
2026-09-30T15:41:13Z,2026,4,2026-10-04,ARI,NYG,spread,ARI,5.5,0.34,0.35,0.34,6928.94,6572.44,KXNFLSPREAD-26OCT04ARINYG-ARI6,2026-10-06T17:00:00Z
2026-09-30T15:41:13Z,2026,4,2026-10-04,ARI,NYG,spread,ARI,4.5,0.37,0.39,0.37,27031.68,23275.85,KXNFLSPREAD-26OCT04ARINYG-ARI5,2026-10-06T17:00:00Z
2026-09-30T15:41:13Z,2026,4,2026-10-04,ARI,NYG,spread,ARI,3.5,0.39,0.4,0.4,2156.79,1573.81,KXNFLSPREAD-26OCT04ARINYG-ARI4,2026-10-06T17:00:00Z
2026-09-30T15:41:13Z,2026,4,2026-10-04,ARI,NYG,spread,ARI,2.5,0.49,0.5,0.5,28000.35,27674.44,KXNFLSPREAD-26OCT04ARINYG-ARI3,2026-10-06T17:00:00Z
2026-09-30T15:41:13Z,2026,4,2026-10-04,ARI,NYG,spread,ARI,1.5,0.5,0.51,0.51,9445.12,8758.13,KXNFLSPREAD-26OCT04ARINYG-ARI2,2026-10-06T17:00:00Z
2026-09-30T15:41:13Z,2026,4,2026-10-04,ARI,NYG,spread,ARI,14.5,0.12,0.14,0.11,16849.21,16411.47,KXNFLSPREAD-26OCT04ARINYG-ARI15,2026-10-06T17:00:00Z
2026-09-30T15:41:13Z,2026,4,2026-10-04,ARI,NYG,spread,ARI,13.5,0.15,0.16,0.15,930.19,875.19,KXNFLSPREAD-26OCT04ARINYG-ARI14,2026-10-06T17:00:00Z
2026-09-30T15:41:13Z,2026,4,2026-10-04,ARI,NYG,spread,ARI,10.5,0.19,0.2,0.19,26825.14,23020.46,KXNFLSPREAD-26OCT04ARINYG-ARI11,2026-10-06T17:00:00Z
2026-09-30T15:41:13Z,2026,4,2026-10-04,ARI,NYG,spread,ARI,9.5,0.22,0.23,0.22,15604.97,4234.62,KXNFLSPREAD-26OCT04ARINYG-ARI10,2026-10-06T17:00:00Z
2026-09-30T15:41:13Z,2026,4,2026-10-04,LAR,PHI,spread,PHI,7.5,0.17,0.18,0.16,10691.76,10666.76,KXNFLSPREAD-26OCT04LARPHI-PHI8,2026-10-06T17:00:00Z
2026-09-30T15:41:13Z,2026,4,2026-10-04,LAR,PHI,spread,PHI,6.5,0.2,0.22,0.22,2516.13,2493.13,KXNFLSPREAD-26OCT04LARPHI-PHI7,2026-10-06T17:00:00Z
2026-09-30T15:41:13Z,2026,4,2026-10-04,LAR,PHI,spread,PHI,5.5,0.23,0.24,0.24,1779.1,1760.0,KXNFLSPREAD-26OCT04LARPHI-PHI6,2026-10-06T17:00:00Z
2026-09-30T15:41:13Z,2026,4,2026-10-04,LAR,PHI,spread,PHI,4.5,0.24,0.26,0.25,30597.33,26059.99,KXNFLSPREAD-26OCT04LARPHI-PHI5,2026-10-06T17:00:00Z
2026-09-30T15:41:13Z,2026,4,2026-10-04,LAR,PHI,spread,PHI,3.5,0.28,0.29,0.29,38658.72,26744.7,KXNFLSPREAD-26OCT04LARPHI-PHI4,2026-10-06T17:00:00Z
2026-09-30T15:41:13Z,2026,4,2026-10-04,LAR,PHI,spread,PHI,2.5,0.35,0.36,0.36,16856.22,5078.16,KXNFLSPREAD-26OCT04LARPHI-PHI3,2026-10-06T17:00:00Z
2026-09-30T15:41:13Z,2026,4,2026-10-04,LAR,PHI,spread,PHI,1.5,0.37,0.38,0.4,5246.63,4880.63,KXNFLSPREAD-26OCT04LARPHI-PHI2,2026-10-06T17:00:00Z
2026-09-30T15:41:13Z,2026,4,2026-10-04,LAR,PHI,spread,PHI,14.5,0.07,0.09,0.0,0.0,0.0,KXNFLSPREAD-26OCT04LARPHI-PHI15,2026-10-06T17:00:00Z
2026-09-30T15:41:13Z,2026,4,2026-10-04,LAR,PHI,spread,PHI,13.5,0.09,0.1,0.11,115.0,115.0,KXNFLSPREAD-26OCT04LARPHI-PHI14,2026-10-06T17:00:00Z
2026-09-30T15:41:13Z,2026,4,2026-10-04,LAR,PHI,spread,PHI,10.5,0.12,0.13,0.0,0.0,0.0,KXNFLSPREAD-26OCT04LARPHI-PHI11,2026-10-06T17:00:00Z
2026-09-30T15:41:13Z,2026,4,2026-10-04,LAR,PHI,spread,PHI,9.5,0.13,0.14,0.15,5885.0,5758.0,KXNFLSPREAD-26OCT04LARPHI-PHI10,2026-10-06T17:00:00Z
2026-09-30T15:41:13Z,2026,4,2026-10-04,LAR,PHI,spread,LAR,7.5,0.31,0.32,0.31,33341.67,21593.68,KXNFLSPREAD-26OCT04LARPHI-LAR8,2026-10-06T17:00:00Z
2026-09-30T15:41:13Z,2026,4,2026-10-04,LAR,PHI,spread,LAR,6.5,0.37,0.39,0.38,33829.01,31392.24,KXNFLSPREAD-26OCT04LARPHI-LAR7,2026-10-06T17:00:00Z
2026-09-30T15:41:13Z,2026,4,2026-10-04,LAR,PHI,spread,LAR,5.5,0.4,0.41,0.4,719.27,597.21,KXNFLSPREAD-26OCT04LARPHI-LAR6,2026-10-06T17:00:00Z
2026-09-30T15:41:13Z,2026,4,2026-10-04,LAR,PHI,spread,LAR,4.5,0.41,0.42,0.41,3860.7,2864.42,KXNFLSPREAD-26OCT04LARPHI-LAR5,2026-10-06T17:00:00Z
2026-09-30T15:41:13Z,2026,4,2026-10-04,LAR,PHI,spread,LAR,3.5,0.45,0.46,0.45,21368.03,18310.54,KXNFLSPREAD-26OCT04LARPHI-LAR4,2026-10-06T17:00:00Z
2026-09-30T15:41:13Z,2026,4,2026-10-04,LAR,PHI,spread,LAR,2.5,0.55,0.56,0.56,41928.42,36422.03,KXNFLSPREAD-26OCT04LARPHI-LAR3,2026-10-06T17:00:00Z
2026-09-30T15:41:13Z,2026,4,2026-10-04,LAR,PHI,spread,LAR,20.5,0.09,0.1,0.09,62519.87,45066.55,KXNFLSPREAD-26OCT04LARPHI-LAR21,2026-10-06T17:00:00Z
2026-09-30T15:41:13Z,2026,4,2026-10-04,LAR,PHI,spread,LAR,1.5,0.57,0.58,0.58,19095.92,18170.69,KXNFLSPREAD-26OCT04LARPHI-LAR2,2026-10-06T17:00:00Z
2026-09-30T15:41:13Z,2026,4,2026-10-04,LAR,PHI,spread,LAR,17.5,0.11,0.13,0.09,38421.19,23043.65,KXNFLSPREAD-26OCT04LARPHI-LAR18,2026-10-06T17:00:00Z
2026-09-30T15:41:13Z,2026,4,2026-10-04,LAR,PHI,spread,LAR,16.5,0.14,0.15,0.15,17879.2,10044.28,KXNFLSPREAD-26OCT04LARPHI-LAR17,2026-10-06T17:00:00Z
2026-09-30T15:41:13Z,2026,4,2026-10-04,LAR,PHI,spread,LAR,14.5,0.15,0.17,0.17,46243.7,39145.32,KXNFLSPREAD-26OCT04LARPHI-LAR15,2026-10-06T17:00:00Z
2026-09-30T15:41:13Z,2026,4,2026-10-04,LAR,PHI,spread,LAR,13.5,0.21,0.22,0.23,50685.71,48726.58,KXNFLSPREAD-26OCT04LARPHI-LAR14,2026-10-06T17:00:00Z
2026-09-30T15:41:13Z,2026,4,2026-10-04,LAR,PHI,spread,LAR,10.5,0.23,0.25,0.25,14048.79,9599.83,KXNFLSPREAD-26OCT04LARPHI-LAR11,2026-10-06T17:00:00Z
2026-09-30T15:41:13Z,2026,4,2026-10-04,LAR,PHI,spread,LAR,9.5,0.27,0.28,0.27,25712.11,18167.95,KXNFLSPREAD-26OCT04LARPHI-LAR10,2026-10-06T17:00:00Z
2026-09-30T15:41:13Z,2026,4,2026-10-04,GB,TB,spread,TB,7.5,0.14,0.16,0.15,4482.0,4442.0,KXNFLSPREAD-26OCT04GBTB-TB8,2026-10-06T17:00:00Z
2026-09-30T15:41:13Z,2026,4,2026-10-04,GB,TB,spread,TB,6.5,0.18,0.2,0.19,7400.97,6897.83,KXNFLSPREAD-26OCT04GBTB-TB7,2026-10-06T17:00:00Z
2026-09-30T15:41:13Z,2026,4,2026-10-04,GB,TB,spread,TB,5.5,0.2,0.21,0.22,400.67,283.96,KXNFLSPREAD-26OCT04GBTB-TB6,2026-10-06T17:00:00Z
2026-09-30T15:41:13Z,2026,4,2026-10-04,GB,TB,spread,TB,4.5,0.21,0.23,0.23,5336.67,5087.66,KXNFLSPREAD-26OCT04GBTB-TB5,2026-10-06T17:00:00Z
2026-09-30T15:41:13Z,2026,4,2026-10-04,GB,TB,spread,TB,3.5,0.25,0.26,0.25,9782.0,6451.0,KXNFLSPREAD-26OCT04GBTB-TB4,2026-10-06T17:00:00Z
2026-09-30T15:41:13Z,2026,4,2026-10-04,GB,TB,spread,TB,2.5,0.29,0.32,0.32,8707.8,6576.18,KXNFLSPREAD-26OCT04GBTB-TB3,2026-10-06T17:00:00Z
2026-09-30T15:41:13Z,2026,4,2026-10-04,GB,TB,spread,TB,1.5,0.32,0.33,0.34,45006.56,44149.77,KXNFLSPREAD-26OCT04GBTB-TB2,2026-10-06T17:00:00Z
2026-09-30T15:41:13Z,2026,4,2026-10-04,GB,TB,spread,TB,16.5,0.04,0.06,0.06,9423.65,9323.65,KXNFLSPREAD-26OCT04GBTB-TB17,2026-10-06T17:00:00Z
2026-09-30T15:41:13Z,2026,4,2026-10-04,GB,TB,spread,TB,14.5,0.06,0.07,0.06,7203.4,7203.4,KXNFLSPREAD-26OCT04GBTB-TB15,2026-10-06T17:00:00Z
2026-09-30T15:41:13Z,2026,4,2026-10-04,GB,TB,spread,TB,13.5,0.07,0.08,0.09,3200.08,3001.08,KXNFLSPREAD-26OCT04GBTB-TB14,2026-10-06T17:00:00Z
2026-09-30T15:41:13Z,2026,4,2026-10-04,GB,TB,spread,TB,10.5,0.09,0.11,0.11,2823.0,2736.0,KXNFLSPREAD-26OCT04GBTB-TB11,2026-10-06T17:00:00Z
2026-09-30T15:41:13Z,2026,4,2026-10-04,GB,TB,spread,TB,9.5,0.12,0.13,0.14,625.38,600.38,KXNFLSPREAD-26OCT04GBTB-TB10,2026-10-06T17:00:00Z
2026-09-30T15:41:13Z,2026,4,2026-10-04,GB,TB,spread,GB,7.5,0.36,0.37,0.36,9917.28,3646.98,KXNFLSPREAD-26OCT04GBTB-GB8,2026-10-06T17:00:00Z
2026-09-30T15:41:13Z,2026,4,2026-10-04,GB,TB,spread,GB,6.5,0.41,0.42,0.42,23230.92,16509.16,KXNFLSPREAD-26OCT04GBTB-GB7,2026-10-06T17:00:00Z
2026-09-30T15:41:13Z,2026,4,2026-10-04,GB,TB,spread,GB,5.5,0.45,0.46,0.45,39412.52,33568.34,KXNFLSPREAD-26OCT04GBTB-GB6,2026-10-06T17:00:00Z
2026-09-30T15:41:13Z,2026,4,2026-10-04,GB,TB,spread,GB,4.5,0.46,0.47,0.47,20314.2,11820.06,KXNFLSPREAD-26OCT04GBTB-GB5,2026-10-06T17:00:00Z
2026-09-30T15:41:13Z,2026,4,2026-10-04,GB,TB,spread,GB,3.5,0.51,0.52,0.52,62962.52,47450.45,KXNFLSPREAD-26OCT04GBTB-GB4,2026-10-06T17:00:00Z
2026-09-30T15:41:13Z,2026,4,2026-10-04,GB,TB,spread,GB,2.5,0.58,0.59,0.59,11377.33,11206.29,KXNFLSPREAD-26OCT04GBTB-GB3,2026-10-06T17:00:00Z
2026-09-30T15:41:13Z,2026,4,2026-10-04,GB,TB,spread,GB,1.5,0.6,0.61,0.6,3545.98,3431.42,KXNFLSPREAD-26OCT04GBTB-GB2,2026-10-06T17:00:00Z
2026-09-30T15:41:13Z,2026,4,2026-10-04,GB,TB,spread,GB,16.5,0.17,0.18,0.18,2699.7,1262.67,KXNFLSPREAD-26OCT04GBTB-GB17,2026-10-06T17:00:00Z
2026-09-30T15:41:13Z,2026,4,2026-10-04,GB,TB,spread,GB,14.5,0.19,0.21,0.19,3676.11,2504.12,KXNFLSPREAD-26OCT04GBTB-GB15,2026-10-06T17:00:00Z
2026-09-30T15:41:13Z,2026,4,2026-10-04,GB,TB,spread,GB,13.5,0.22,0.23,0.23,1764.54,1018.43,KXNFLSPREAD-26OCT04GBTB-GB14,2026-10-06T17:00:00Z
2026-09-30T15:41:13Z,2026,4,2026-10-04,GB,TB,spread,GB,10.5,0.28,0.29,0.27,3122.31,2711.34,KXNFLSPREAD-26OCT04GBTB-GB11,2026-10-06T17:00:00Z
2026-09-30T15:41:13Z,2026,4,2026-10-04,GB,TB,spread,GB,9.5,0.31,0.32,0.32,12564.15,3601.42,KXNFLSPREAD-26OCT04GBTB-GB10,2026-10-06T17:00:00Z
2026-09-30T15:41:13Z,2026,4,2026-10-04,JAX,CIN,spread,JAX,7.5,0.19,0.2,0.19,164.0,50.0,KXNFLSPREAD-26OCT04JACCIN-JAC8,2026-10-06T17:00:00Z
2026-09-30T15:41:13Z,2026,4,2026-10-04,JAX,CIN,spread,JAX,6.5,0.23,0.24,0.24,259.34,259.34,KXNFLSPREAD-26OCT04JACCIN-JAC7,2026-10-06T17:00:00Z
2026-09-30T15:41:13Z,2026,4,2026-10-04,JAX,CIN,spread,JAX,5.5,0.25,0.27,0.28,4107.9,2384.19,KXNFLSPREAD-26OCT04JACCIN-JAC6,2026-10-06T17:00:00Z
2026-09-30T15:41:13Z,2026,4,2026-10-04,JAX,CIN,spread,JAX,4.5,0.27,0.29,0.3,1698.56,1698.56,KXNFLSPREAD-26OCT04JACCIN-JAC5,2026-10-06T17:00:00Z
2026-09-30T15:41:13Z,2026,4,2026-10-04,JAX,CIN,spread,JAX,3.5,0.29,0.31,0.31,3.22,3.22,KXNFLSPREAD-26OCT04JACCIN-JAC4,2026-10-06T17:00:00Z
2026-09-30T15:41:13Z,2026,4,2026-10-04,JAX,CIN,spread,JAX,2.5,0.38,0.39,0.39,9478.55,9275.43,KXNFLSPREAD-26OCT04JACCIN-JAC3,2026-10-06T17:00:00Z
2026-09-30T15:41:13Z,2026,4,2026-10-04,JAX,CIN,spread,JAX,1.5,0.39,0.41,0.42,8872.08,8872.08,KXNFLSPREAD-26OCT04JACCIN-JAC2,2026-10-06T17:00:00Z
2026-09-30T15:41:13Z,2026,4,2026-10-04,JAX,CIN,spread,JAX,14.5,0.08,0.1,0.08,1818.0,1027.0,KXNFLSPREAD-26OCT04JACCIN-JAC15,2026-10-06T17:00:00Z
2026-09-30T15:41:13Z,2026,4,2026-10-04,JAX,CIN,spread,JAX,13.5,0.1,0.13,0.0,0.0,0.0,KXNFLSPREAD-26OCT04JACCIN-JAC14,2026-10-06T17:00:00Z
2026-09-30T15:41:13Z,2026,4,2026-10-04,JAX,CIN,spread,JAX,10.5,0.13,0.15,0.0,0.0,0.0,KXNFLSPREAD-26OCT04JACCIN-JAC11,2026-10-06T17:00:00Z
2026-09-30T15:41:13Z,2026,4,2026-10-04,JAX,CIN,spread,JAX,9.5,0.16,0.17,0.16,29.0,29.0,KXNFLSPREAD-26OCT04JACCIN-JAC10,2026-10-06T17:00:00Z
2026-09-30T15:41:13Z,2026,4,2026-10-04,JAX,CIN,spread,CIN,7.5,0.28,0.29,0.29,8649.73,8597.17,KXNFLSPREAD-26OCT04JACCIN-CIN8,2026-10-06T17:00:00Z
2026-09-30T15:41:13Z,2026,4,2026-10-04,JAX,CIN,spread,CIN,6.5,0.34,0.35,0.35,2175.27,1921.27,KXNFLSPREAD-26OCT04JACCIN-CIN7,2026-10-06T17:00:00Z
2026-09-30T15:41:13Z,2026,4,2026-10-04,JAX,CIN,spread,CIN,5.5,0.36,0.39,0.37,10875.63,10656.82,KXNFLSPREAD-26OCT04JACCIN-CIN6,2026-10-06T17:00:00Z
2026-09-30T15:41:13Z,2026,4,2026-10-04,JAX,CIN,spread,CIN,4.5,0.39,0.41,0.38,8946.0,8946.0,KXNFLSPREAD-26OCT04JACCIN-CIN5,2026-10-06T17:00:00Z
2026-09-30T15:41:13Z,2026,4,2026-10-04,JAX,CIN,spread,CIN,3.5,0.42,0.43,0.42,792.22,741.7,KXNFLSPREAD-26OCT04JACCIN-CIN4,2026-10-06T17:00:00Z
2026-09-30T15:41:13Z,2026,4,2026-10-04,JAX,CIN,spread,CIN,2.5,0.51,0.52,0.52,14477.49,14144.04,KXNFLSPREAD-26OCT04JACCIN-CIN3,2026-10-06T17:00:00Z
2026-09-30T15:41:13Z,2026,4,2026-10-04,JAX,CIN,spread,CIN,20.5,0.07,0.08,0.07,4471.91,4315.91,KXNFLSPREAD-26OCT04JACCIN-CIN21,2026-10-06T17:00:00Z
2026-09-30T15:41:13Z,2026,4,2026-10-04,JAX,CIN,spread,CIN,1.5,0.54,0.55,0.54,170.88,79.56,KXNFLSPREAD-26OCT04JACCIN-CIN2,2026-10-06T17:00:00Z
2026-09-30T15:41:13Z,2026,4,2026-10-04,JAX,CIN,spread,CIN,17.5,0.11,0.12,0.11,41907.49,21744.19,KXNFLSPREAD-26OCT04JACCIN-CIN18,2026-10-06T17:00:00Z
2026-09-30T15:41:13Z,2026,4,2026-10-04,JAX,CIN,spread,CIN,16.5,0.12,0.14,0.12,10106.09,9512.91,KXNFLSPREAD-26OCT04JACCIN-CIN17,2026-10-06T17:00:00Z
2026-09-30T15:41:13Z,2026,4,2026-10-04,JAX,CIN,spread,CIN,14.5,0.14,0.16,0.15,37691.84,21231.78,KXNFLSPREAD-26OCT04JACCIN-CIN15,2026-10-06T17:00:00Z
2026-09-30T15:41:13Z,2026,4,2026-10-04,JAX,CIN,spread,CIN,13.5,0.17,0.19,0.17,27333.89,14356.22,KXNFLSPREAD-26OCT04JACCIN-CIN14,2026-10-06T17:00:00Z
2026-09-30T15:41:13Z,2026,4,2026-10-04,JAX,CIN,spread,CIN,10.5,0.22,0.23,0.22,25592.6,22384.6,KXNFLSPREAD-26OCT04JACCIN-CIN11,2026-10-06T17:00:00Z
2026-09-30T15:41:13Z,2026,4,2026-10-04,JAX,CIN,spread,CIN,9.5,0.25,0.26,0.25,11143.6,10614.62,KXNFLSPREAD-26OCT04JACCIN-CIN10,2026-10-06T17:00:00Z
2026-09-30T15:41:13Z,2026,4,2026-10-04,NE,BUF,spread,NE,7.5,0.09,0.11,0.08,151.79,151.79,KXNFLSPREAD-26OCT04NEBUF-NE8,2026-10-06T17:00:00Z
2026-09-30T15:41:13Z,2026,4,2026-10-04,NE,BUF,spread,NE,6.5,0.12,0.14,0.14,118.0,118.0,KXNFLSPREAD-26OCT04NEBUF-NE7,2026-10-06T17:00:00Z
2026-09-30T15:41:13Z,2026,4,2026-10-04,NE,BUF,spread,NE,5.5,0.14,0.16,0.14,95.0,60.0,KXNFLSPREAD-26OCT04NEBUF-NE6,2026-10-06T17:00:00Z
2026-09-30T15:41:13Z,2026,4,2026-10-04,NE,BUF,spread,NE,4.5,0.15,0.17,0.1,419.0,419.0,KXNFLSPREAD-26OCT04NEBUF-NE5,2026-10-06T17:00:00Z
2026-09-30T15:41:13Z,2026,4,2026-10-04,NE,BUF,spread,NE,3.5,0.17,0.18,0.18,2524.32,2499.32,KXNFLSPREAD-26OCT04NEBUF-NE4,2026-10-06T17:00:00Z
2026-09-30T15:41:13Z,2026,4,2026-10-04,NE,BUF,spread,NE,2.5,0.22,0.24,0.21,178.09,130.62,KXNFLSPREAD-26OCT04NEBUF-NE3,2026-10-06T17:00:00Z
2026-09-30T15:41:13Z,2026,4,2026-10-04,NE,BUF,spread,NE,1.5,0.24,0.26,0.26,885.03,788.03,KXNFLSPREAD-26OCT04NEBUF-NE2,2026-10-06T17:00:00Z
2026-09-30T15:41:13Z,2026,4,2026-10-04,NE,BUF,spread,NE,14.5,0.02,0.04,0.03,1071.72,920.34,KXNFLSPREAD-26OCT04NEBUF-NE15,2026-10-06T17:00:00Z
2026-09-30T15:41:13Z,2026,4,2026-10-04,NE,BUF,spread,NE,13.5,0.04,0.05,0.05,1755.02,1755.02,KXNFLSPREAD-26OCT04NEBUF-NE14,2026-10-06T17:00:00Z
2026-09-30T15:41:13Z,2026,4,2026-10-04,NE,BUF,spread,NE,10.5,0.06,0.08,0.06,4400.0,4400.0,KXNFLSPREAD-26OCT04NEBUF-NE11,2026-10-06T17:00:00Z
2026-09-30T15:41:13Z,2026,4,2026-10-04,NE,BUF,spread,NE,9.5,0.06,0.09,0.0,0.0,0.0,KXNFLSPREAD-26OCT04NEBUF-NE10,2026-10-06T17:00:00Z
2026-09-30T15:41:13Z,2026,4,2026-10-04,NE,BUF,spread,BUF,7.5,0.44,0.45,0.44,13213.42,6745.1,KXNFLSPREAD-26OCT04NEBUF-BUF8,2026-10-06T17:00:00Z
2026-09-30T15:41:13Z,2026,4,2026-10-04,NE,BUF,spread,BUF,6.5,0.52,0.53,0.52,27752.95,25817.57,KXNFLSPREAD-26OCT04NEBUF-BUF7,2026-10-06T17:00:00Z
2026-09-30T15:41:13Z,2026,4,2026-10-04,NE,BUF,spread,BUF,5.5,0.55,0.56,0.56,1014.33,1014.33,KXNFLSPREAD-26OCT04NEBUF-BUF6,2026-10-06T17:00:00Z
2026-09-30T15:41:13Z,2026,4,2026-10-04,NE,BUF,spread,BUF,4.5,0.57,0.59,0.58,217.1,217.1,KXNFLSPREAD-26OCT04NEBUF-BUF5,2026-10-06T17:00:00Z
2026-09-30T15:41:13Z,2026,4,2026-10-04,NE,BUF,spread,BUF,3.5,0.6,0.61,0.61,2130.86,1979.01,KXNFLSPREAD-26OCT04NEBUF-BUF4,2026-10-06T17:00:00Z
2026-09-30T15:41:13Z,2026,4,2026-10-04,NE,BUF,spread,BUF,2.5,0.68,0.7,0.69,24665.09,24203.62,KXNFLSPREAD-26OCT04NEBUF-BUF3,2026-10-06T17:00:00Z
2026-09-30T15:41:13Z,2026,4,2026-10-04,NE,BUF,spread,BUF,27.5,0.06,0.07,0.06,23979.73,19637.86,KXNFLSPREAD-26OCT04NEBUF-BUF28,2026-10-06T17:00:00Z
2026-09-30T15:41:13Z,2026,4,2026-10-04,NE,BUF,spread,BUF,23.5,0.11,0.12,0.1,23365.44,19193.46,KXNFLSPREAD-26OCT04NEBUF-BUF24,2026-10-06T17:00:00Z
2026-09-30T15:41:13Z,2026,4,2026-10-04,NE,BUF,spread,BUF,20.5,0.16,0.17,0.17,23661.95,19427.14,KXNFLSPREAD-26OCT04NEBUF-BUF21,2026-10-06T17:00:00Z
2026-09-30T15:41:13Z,2026,4,2026-10-04,NE,BUF,spread,BUF,1.5,0.7,0.72,0.71,5095.91,3846.45,KXNFLSPREAD-26OCT04NEBUF-BUF2,2026-10-06T17:00:00Z
2026-09-30T15:41:13Z,2026,4,2026-10-04,NE,BUF,spread,BUF,17.5,0.2,0.21,0.2,9567.58,3874.27,KXNFLSPREAD-26OCT04NEBUF-BUF18,2026-10-06T17:00:00Z
2026-09-30T15:41:13Z,2026,4,2026-10-04,NE,BUF,spread,BUF,16.5,0.23,0.24,0.23,45.33,37.04,KXNFLSPREAD-26OCT04NEBUF-BUF17,2026-10-06T17:00:00Z
2026-09-30T15:41:13Z,2026,4,2026-10-04,NE,BUF,spread,BUF,14.5,0.25,0.26,0.24,3748.06,3716.88,KXNFLSPREAD-26OCT04NEBUF-BUF15,2026-10-06T17:00:00Z
2026-09-30T15:41:13Z,2026,4,2026-10-04,NE,BUF,spread,BUF,13.5,0.29,0.3,0.3,2427.01,2395.86,KXNFLSPREAD-26OCT04NEBUF-BUF14,2026-10-06T17:00:00Z
2026-09-30T15:41:13Z,2026,4,2026-10-04,NE,BUF,spread,BUF,10.5,0.35,0.37,0.36,6214.07,6044.44,KXNFLSPREAD-26OCT04NEBUF-BUF11,2026-10-06T17:00:00Z
2026-09-30T15:41:13Z,2026,4,2026-10-04,NE,BUF,spread,BUF,9.5,0.4,0.41,0.41,1652.15,1439.7,KXNFLSPREAD-26OCT04NEBUF-BUF10,2026-10-06T17:00:00Z
2026-09-30T15:41:13Z,2026,4,2026-10-04,NYJ,CHI,spread,NYJ,7.5,0.15,0.16,0.15,3097.0,2989.0,KXNFLSPREAD-26OCT04NYJCHI-NYJ8,2026-10-06T17:00:00Z
2026-09-30T15:41:13Z,2026,4,2026-10-04,NYJ,CHI,spread,NYJ,6.5,0.18,0.2,0.19,2566.99,1857.99,KXNFLSPREAD-26OCT04NYJCHI-NYJ7,2026-10-06T17:00:00Z
2026-09-30T15:41:13Z,2026,4,2026-10-04,NYJ,CHI,spread,NYJ,5.5,0.21,0.23,0.23,4964.7,4367.71,KXNFLSPREAD-26OCT04NYJCHI-NYJ6,2026-10-06T17:00:00Z
2026-09-30T15:41:13Z,2026,4,2026-10-04,NYJ,CHI,spread,NYJ,4.5,0.22,0.24,0.23,5927.0,5926.0,KXNFLSPREAD-26OCT04NYJCHI-NYJ5,2026-10-06T17:00:00Z
2026-09-30T15:41:13Z,2026,4,2026-10-04,NYJ,CHI,spread,NYJ,3.5,0.26,0.27,0.27,1308.53,1308.53,KXNFLSPREAD-26OCT04NYJCHI-NYJ4,2026-10-06T17:00:00Z
2026-09-30T15:41:13Z,2026,4,2026-10-04,NYJ,CHI,spread,NYJ,2.5,0.31,0.32,0.32,15392.41,15115.36,KXNFLSPREAD-26OCT04NYJCHI-NYJ3,2026-10-06T17:00:00Z
2026-09-30T15:41:13Z,2026,4,2026-10-04,NYJ,CHI,spread,NYJ,1.5,0.35,0.36,0.36,3248.65,3196.0,KXNFLSPREAD-26OCT04NYJCHI-NYJ2,2026-10-06T17:00:00Z
2026-09-30T15:41:13Z,2026,4,2026-10-04,NYJ,CHI,spread,NYJ,14.5,0.06,0.08,0.05,5.0,5.0,KXNFLSPREAD-26OCT04NYJCHI-NYJ15,2026-10-06T17:00:00Z
2026-09-30T15:41:13Z,2026,4,2026-10-04,NYJ,CHI,spread,NYJ,13.5,0.07,0.09,0.09,51.0,51.0,KXNFLSPREAD-26OCT04NYJCHI-NYJ14,2026-10-06T17:00:00Z
2026-09-30T15:41:13Z,2026,4,2026-10-04,NYJ,CHI,spread,NYJ,10.5,0.1,0.12,0.11,137.0,137.0,KXNFLSPREAD-26OCT04NYJCHI-NYJ11,2026-10-06T17:00:00Z
2026-09-30T15:41:13Z,2026,4,2026-10-04,NYJ,CHI,spread,NYJ,9.5,0.12,0.13,0.13,2010.0,2010.0,KXNFLSPREAD-26OCT04NYJCHI-NYJ10,2026-10-06T17:00:00Z
2026-09-30T15:41:13Z,2026,4,2026-10-04,NYJ,CHI,spread,CHI,7.5,0.32,0.34,0.33,50121.33,47191.05,KXNFLSPREAD-26OCT04NYJCHI-CHI8,2026-10-06T17:00:00Z
2026-09-30T15:41:13Z,2026,4,2026-10-04,NYJ,CHI,spread,CHI,6.5,0.38,0.39,0.39,143920.11,128141.09,KXNFLSPREAD-26OCT04NYJCHI-CHI7,2026-10-06T17:00:00Z
2026-09-30T15:41:13Z,2026,4,2026-10-04,NYJ,CHI,spread,CHI,5.5,0.42,0.43,0.42,10495.65,5449.78,KXNFLSPREAD-26OCT04NYJCHI-CHI6,2026-10-06T17:00:00Z
2026-09-30T15:41:13Z,2026,4,2026-10-04,NYJ,CHI,spread,CHI,4.5,0.44,0.45,0.43,6537.41,5926.13,KXNFLSPREAD-26OCT04NYJCHI-CHI5,2026-10-06T17:00:00Z
2026-09-30T15:41:13Z,2026,4,2026-10-04,NYJ,CHI,spread,CHI,3.5,0.47,0.48,0.48,16898.93,15041.7,KXNFLSPREAD-26OCT04NYJCHI-CHI4,2026-10-06T17:00:00Z
2026-09-30T15:41:13Z,2026,4,2026-10-04,NYJ,CHI,spread,CHI,2.5,0.56,0.57,0.57,12751.94,12404.43,KXNFLSPREAD-26OCT04NYJCHI-CHI3,2026-10-06T17:00:00Z
2026-09-30T15:41:13Z,2026,4,2026-10-04,NYJ,CHI,spread,CHI,20.5,0.08,0.1,0.09,1728.33,1330.33,KXNFLSPREAD-26OCT04NYJCHI-CHI21,2026-10-06T17:00:00Z
2026-09-30T15:41:13Z,2026,4,2026-10-04,NYJ,CHI,spread,CHI,1.5,0.59,0.61,0.6,11932.51,11910.37,KXNFLSPREAD-26OCT04NYJCHI-CHI2,2026-10-06T17:00:00Z
2026-09-30T15:41:13Z,2026,4,2026-10-04,NYJ,CHI,spread,CHI,17.5,0.12,0.13,0.13,2758.42,2577.51,KXNFLSPREAD-26OCT04NYJCHI-CHI18,2026-10-06T17:00:00Z
2026-09-30T15:41:13Z,2026,4,2026-10-04,NYJ,CHI,spread,CHI,16.5,0.14,0.15,0.15,19257.95,5563.65,KXNFLSPREAD-26OCT04NYJCHI-CHI17,2026-10-06T17:00:00Z
2026-09-30T15:41:13Z,2026,4,2026-10-04,NYJ,CHI,spread,CHI,14.5,0.16,0.17,0.17,10934.77,5521.6,KXNFLSPREAD-26OCT04NYJCHI-CHI15,2026-10-06T17:00:00Z
2026-09-30T15:41:13Z,2026,4,2026-10-04,NYJ,CHI,spread,CHI,13.5,0.19,0.21,0.21,8378.57,4804.57,KXNFLSPREAD-26OCT04NYJCHI-CHI14,2026-10-06T17:00:00Z
2026-09-30T15:41:13Z,2026,4,2026-10-04,NYJ,CHI,spread,CHI,10.5,0.23,0.24,0.24,15946.8,14907.39,KXNFLSPREAD-26OCT04NYJCHI-CHI11,2026-10-06T17:00:00Z
2026-09-30T15:41:13Z,2026,4,2026-10-04,NYJ,CHI,spread,CHI,9.5,0.27,0.28,0.28,15321.38,7323.61,KXNFLSPREAD-26OCT04NYJCHI-CHI10,2026-10-06T17:00:00Z
2026-09-30T15:41:13Z,2026,4,2026-10-04,IND,WAS,spread,WAS,7.5,0.15,0.16,0.15,63.0,38.0,KXNFLSPREAD-26OCT04INDWAS-WAS8,2026-10-06T13:30:00Z
2026-09-30T15:41:13Z,2026,4,2026-10-04,IND,WAS,spread,WAS,6.5,0.18,0.2,0.2,1898.64,1873.64,KXNFLSPREAD-26OCT04INDWAS-WAS7,2026-10-06T13:30:00Z
2026-09-30T15:41:13Z,2026,4,2026-10-04,IND,WAS,spread,WAS,5.5,0.2,0.22,0.2,3422.63,3269.23,KXNFLSPREAD-26OCT04INDWAS-WAS6,2026-10-06T13:30:00Z
2026-09-30T15:41:13Z,2026,4,2026-10-04,IND,WAS,spread,WAS,4.5,0.22,0.24,0.21,77.82,77.82,KXNFLSPREAD-26OCT04INDWAS-WAS5,2026-10-06T13:30:00Z
2026-09-30T15:41:13Z,2026,4,2026-10-04,IND,WAS,spread,WAS,3.5,0.25,0.26,0.25,2095.96,1919.78,KXNFLSPREAD-26OCT04INDWAS-WAS4,2026-10-06T13:30:00Z
2026-09-30T15:41:13Z,2026,4,2026-10-04,IND,WAS,spread,WAS,2.5,0.32,0.33,0.32,1132.33,1118.16,KXNFLSPREAD-26OCT04INDWAS-WAS3,2026-10-06T13:30:00Z
2026-09-30T15:41:13Z,2026,4,2026-10-04,IND,WAS,spread,WAS,1.5,0.33,0.34,0.33,18399.62,16639.65,KXNFLSPREAD-26OCT04INDWAS-WAS2,2026-10-06T13:30:00Z
2026-09-30T15:41:13Z,2026,4,2026-10-04,IND,WAS,spread,WAS,14.5,0.06,0.08,0.08,159.7,129.7,KXNFLSPREAD-26OCT04INDWAS-WAS15,2026-10-06T13:30:00Z
2026-09-30T15:41:13Z,2026,4,2026-10-04,IND,WAS,spread,WAS,13.5,0.08,0.09,0.12,70.87,70.87,KXNFLSPREAD-26OCT04INDWAS-WAS14,2026-10-06T13:30:00Z
2026-09-30T15:41:13Z,2026,4,2026-10-04,IND,WAS,spread,WAS,10.5,0.11,0.12,0.11,79082.0,77705.0,KXNFLSPREAD-26OCT04INDWAS-WAS11,2026-10-06T13:30:00Z
2026-09-30T15:41:13Z,2026,4,2026-10-04,IND,WAS,spread,WAS,9.5,0.12,0.13,0.12,110636.94,77448.97,KXNFLSPREAD-26OCT04INDWAS-WAS10,2026-10-06T13:30:00Z
2026-09-30T15:41:13Z,2026,4,2026-10-04,IND,WAS,spread,IND,7.5,0.33,0.35,0.35,22131.69,12648.46,KXNFLSPREAD-26OCT04INDWAS-IND8,2026-10-06T13:30:00Z
2026-09-30T15:41:13Z,2026,4,2026-10-04,IND,WAS,spread,IND,6.5,0.39,0.4,0.41,9097.18,7108.07,KXNFLSPREAD-26OCT04INDWAS-IND7,2026-10-06T13:30:00Z
2026-09-30T15:41:13Z,2026,4,2026-10-04,IND,WAS,spread,IND,5.5,0.43,0.44,0.45,19821.43,12324.92,KXNFLSPREAD-26OCT04INDWAS-IND6,2026-10-06T13:30:00Z
2026-09-30T15:41:13Z,2026,4,2026-10-04,IND,WAS,spread,IND,4.5,0.46,0.47,0.48,488.56,439.58,KXNFLSPREAD-26OCT04INDWAS-IND5,2026-10-06T13:30:00Z
2026-09-30T15:41:13Z,2026,4,2026-10-04,IND,WAS,spread,IND,3.5,0.49,0.5,0.49,26977.54,17158.21,KXNFLSPREAD-26OCT04INDWAS-IND4,2026-10-06T13:30:00Z
2026-09-30T15:41:13Z,2026,4,2026-10-04,IND,WAS,spread,IND,2.5,0.58,0.59,0.59,37846.07,10996.31,KXNFLSPREAD-26OCT04INDWAS-IND3,2026-10-06T13:30:00Z
2026-09-30T15:41:13Z,2026,4,2026-10-04,IND,WAS,spread,IND,20.5,0.1,0.12,0.11,32871.43,27186.48,KXNFLSPREAD-26OCT04INDWAS-IND21,2026-10-06T13:30:00Z
2026-09-30T15:41:13Z,2026,4,2026-10-04,IND,WAS,spread,IND,1.5,0.59,0.6,0.61,13298.0,11657.0,KXNFLSPREAD-26OCT04INDWAS-IND2,2026-10-06T13:30:00Z
2026-09-30T15:41:13Z,2026,4,2026-10-04,IND,WAS,spread,IND,17.5,0.14,0.16,0.12,44815.33,26080.01,KXNFLSPREAD-26OCT04INDWAS-IND18,2026-10-06T13:30:00Z
2026-09-30T15:41:13Z,2026,4,2026-10-04,IND,WAS,spread,IND,16.5,0.17,0.18,0.14,11470.0,11306.0,KXNFLSPREAD-26OCT04INDWAS-IND17,2026-10-06T13:30:00Z
2026-09-30T15:41:13Z,2026,4,2026-10-04,IND,WAS,spread,IND,14.5,0.18,0.2,0.18,650.0,650.0,KXNFLSPREAD-26OCT04INDWAS-IND15,2026-10-06T13:30:00Z
2026-09-30T15:41:13Z,2026,4,2026-10-04,IND,WAS,spread,IND,13.5,0.23,0.24,0.23,12644.63,9860.63,KXNFLSPREAD-26OCT04INDWAS-IND14,2026-10-06T13:30:00Z
2026-09-30T15:41:13Z,2026,4,2026-10-04,IND,WAS,spread,IND,10.5,0.27,0.29,0.29,2528.0,2403.0,KXNFLSPREAD-26OCT04INDWAS-IND11,2026-10-06T13:30:00Z
2026-09-30T15:41:13Z,2026,4,2026-10-04,IND,WAS,spread,IND,9.5,0.29,0.3,0.31,22160.96,20022.46,KXNFLSPREAD-26OCT04INDWAS-IND10,2026-10-06T13:30:00Z
2026-09-30T15:41:13Z,2026,4,2026-10-01,PIT,CLE,spread,PIT,7.5,0.28,0.29,0.29,1689.54,1596.44,KXNFLSPREAD-26OCT01PITCLE-PIT8,2026-10-04T00:15:00Z
2026-09-30T15:41:13Z,2026,4,2026-10-01,PIT,CLE,spread,PIT,6.5,0.34,0.35,0.34,9186.45,7978.16,KXNFLSPREAD-26OCT01PITCLE-PIT7,2026-10-04T00:15:00Z
2026-09-30T15:41:13Z,2026,4,2026-10-01,PIT,CLE,spread,PIT,5.5,0.38,0.39,0.38,3826.01,3826.01,KXNFLSPREAD-26OCT01PITCLE-PIT6,2026-10-04T00:15:00Z
2026-09-30T15:41:13Z,2026,4,2026-10-01,PIT,CLE,spread,PIT,4.5,0.4,0.41,0.41,6742.51,6515.31,KXNFLSPREAD-26OCT01PITCLE-PIT5,2026-10-04T00:15:00Z
2026-09-30T15:41:13Z,2026,4,2026-10-01,PIT,CLE,spread,PIT,3.5,0.42,0.43,0.43,13551.45,10962.49,KXNFLSPREAD-26OCT01PITCLE-PIT4,2026-10-04T00:15:00Z
2026-09-30T15:41:13Z,2026,4,2026-10-01,PIT,CLE,spread,PIT,2.5,0.52,0.53,0.53,112026.61,85894.14,KXNFLSPREAD-26OCT01PITCLE-PIT3,2026-10-04T00:15:00Z
2026-09-30T15:41:13Z,2026,4,2026-10-01,PIT,CLE,spread,PIT,20.5,0.07,0.09,0.07,5138.07,5116.47,KXNFLSPREAD-26OCT01PITCLE-PIT21,2026-10-04T00:15:00Z
2026-09-30T15:41:13Z,2026,4,2026-10-01,PIT,CLE,spread,PIT,1.5,0.55,0.56,0.55,5622.81,5423.53,KXNFLSPREAD-26OCT01PITCLE-PIT2,2026-10-04T00:15:00Z
2026-09-30T15:41:13Z,2026,4,2026-10-01,PIT,CLE,spread,PIT,17.5,0.1,0.11,0.11,219.1,208.25,KXNFLSPREAD-26OCT01PITCLE-PIT18,2026-10-04T00:15:00Z
2026-09-30T15:41:13Z,2026,4,2026-10-01,PIT,CLE,spread,PIT,16.5,0.13,0.14,0.13,2120.56,2120.56,KXNFLSPREAD-26OCT01PITCLE-PIT17,2026-10-04T00:15:00Z
2026-09-30T15:41:13Z,2026,4,2026-10-01,PIT,CLE,spread,PIT,14.5,0.15,0.16,0.15,1930.2,1885.41,KXNFLSPREAD-26OCT01PITCLE-PIT15,2026-10-04T00:15:00Z
2026-09-30T15:41:13Z,2026,4,2026-10-01,PIT,CLE,spread,PIT,13.5,0.17,0.18,0.18,3726.94,3690.19,KXNFLSPREAD-26OCT01PITCLE-PIT14,2026-10-04T00:15:00Z
2026-09-30T15:41:13Z,2026,4,2026-10-01,PIT,CLE,spread,PIT,10.5,0.22,0.23,0.22,3190.31,3190.31,KXNFLSPREAD-26OCT01PITCLE-PIT11,2026-10-04T00:15:00Z
2026-09-30T15:41:13Z,2026,4,2026-10-01,PIT,CLE,spread,PIT,9.5,0.25,0.26,0.26,6800.36,6648.91,KXNFLSPREAD-26OCT01PITCLE-PIT10,2026-10-04T00:15:00Z
2026-09-30T15:41:13Z,2026,4,2026-10-01,PIT,CLE,spread,CLE,7.5,0.18,0.19,0.18,3298.3,3174.36,KXNFLSPREAD-26OCT01PITCLE-CLE8,2026-10-04T00:15:00Z
2026-09-30T15:41:13Z,2026,4,2026-10-01,PIT,CLE,spread,CLE,6.5,0.22,0.23,0.23,9039.71,8192.53,KXNFLSPREAD-26OCT01PITCLE-CLE7,2026-10-04T00:15:00Z
2026-09-30T15:41:13Z,2026,4,2026-10-01,PIT,CLE,spread,CLE,5.5,0.25,0.26,0.26,3969.15,3944.15,KXNFLSPREAD-26OCT01PITCLE-CLE6,2026-10-04T00:15:00Z
2026-09-30T15:41:13Z,2026,4,2026-10-01,PIT,CLE,spread,CLE,4.5,0.26,0.27,0.27,11146.16,11075.63,KXNFLSPREAD-26OCT01PITCLE-CLE5,2026-10-04T00:15:00Z
2026-09-30T15:41:13Z,2026,4,2026-10-01,PIT,CLE,spread,CLE,3.5,0.28,0.29,0.29,24614.35,24548.17,KXNFLSPREAD-26OCT01PITCLE-CLE4,2026-10-04T00:15:00Z
2026-09-30T15:41:13Z,2026,4,2026-10-01,PIT,CLE,spread,CLE,2.5,0.36,0.37,0.37,5308.58,4466.74,KXNFLSPREAD-26OCT01PITCLE-CLE3,2026-10-04T00:15:00Z
2026-09-30T15:41:13Z,2026,4,2026-10-01,PIT,CLE,spread,CLE,1.5,0.38,0.39,0.39,528.2,474.29,KXNFLSPREAD-26OCT01PITCLE-CLE2,2026-10-04T00:15:00Z
2026-09-30T15:41:13Z,2026,4,2026-10-01,PIT,CLE,spread,CLE,14.5,0.08,0.1,0.08,616.62,330.61,KXNFLSPREAD-26OCT01PITCLE-CLE15,2026-10-04T00:15:00Z
2026-09-30T15:41:13Z,2026,4,2026-10-01,PIT,CLE,spread,CLE,13.5,0.09,0.11,0.11,204.17,204.17,KXNFLSPREAD-26OCT01PITCLE-CLE14,2026-10-04T00:15:00Z
2026-09-30T15:41:13Z,2026,4,2026-10-01,PIT,CLE,spread,CLE,10.5,0.13,0.14,0.14,1450.09,1420.73,KXNFLSPREAD-26OCT01PITCLE-CLE11,2026-10-04T00:15:00Z
2026-09-30T15:41:13Z,2026,4,2026-10-01,PIT,CLE,spread,CLE,9.5,0.15,0.16,0.15,3645.91,3568.11,KXNFLSPREAD-26OCT01PITCLE-CLE10,2026-10-04T00:15:00Z
2026-09-30T15:41:13Z,2026,4,2026-10-05,ATL,NO,total,,69.5,0.05,0.06,0.06,2706.16,2706.16,KXNFLTOTAL-26OCT05ATLNO-70,2026-10-08T00:15:00Z
2026-09-30T15:41:13Z,2026,4,2026-10-05,ATL,NO,total,,66.5,0.09,0.1,0.0,0.0,0.0,KXNFLTOTAL-26OCT05ATLNO-67,2026-10-08T00:15:00Z
2026-09-30T15:41:13Z,2026,4,2026-10-05,ATL,NO,total,,63.5,0.12,0.13,0.13,11.6,11.6,KXNFLTOTAL-26OCT05ATLNO-64,2026-10-08T00:15:00Z
2026-09-30T15:41:13Z,2026,4,2026-10-05,ATL,NO,total,,60.5,0.18,0.19,0.18,1053.06,1053.06,KXNFLTOTAL-26OCT05ATLNO-61,2026-10-08T00:15:00Z
2026-09-30T15:41:13Z,2026,4,2026-10-05,ATL,NO,total,,57.5,0.24,0.25,0.26,2.0,2.0,KXNFLTOTAL-26OCT05ATLNO-58,2026-10-08T00:15:00Z
2026-09-30T15:41:13Z,2026,4,2026-10-05,ATL,NO,total,,54.5,0.32,0.33,0.32,57.82,57.82,KXNFLTOTAL-26OCT05ATLNO-55,2026-10-08T00:15:00Z
2026-09-30T15:41:13Z,2026,4,2026-10-05,ATL,NO,total,,51.5,0.38,0.4,0.0,0.0,0.0,KXNFLTOTAL-26OCT05ATLNO-52,2026-10-08T00:15:00Z
2026-09-30T15:41:13Z,2026,4,2026-10-05,ATL,NO,total,,50.5,0.42,0.43,0.44,1.0,1.0,KXNFLTOTAL-26OCT05ATLNO-51,2026-10-08T00:15:00Z
2026-09-30T15:41:13Z,2026,4,2026-10-05,ATL,NO,total,,49.5,0.46,0.47,0.47,640.17,639.17,KXNFLTOTAL-26OCT05ATLNO-50,2026-10-08T00:15:00Z
2026-09-30T15:41:13Z,2026,4,2026-10-05,ATL,NO,total,,48.5,0.48,0.49,0.49,1688.87,1374.61,KXNFLTOTAL-26OCT05ATLNO-49,2026-10-08T00:15:00Z
2026-09-30T15:41:13Z,2026,4,2026-10-05,ATL,NO,total,,47.5,0.51,0.53,0.53,915.42,913.34,KXNFLTOTAL-26OCT05ATLNO-48,2026-10-08T00:15:00Z
2026-09-30T15:41:13Z,2026,4,2026-10-05,ATL,NO,total,,46.5,0.54,0.55,0.0,0.0,0.0,KXNFLTOTAL-26OCT05ATLNO-47,2026-10-08T00:15:00Z
2026-09-30T15:41:13Z,2026,4,2026-10-05,ATL,NO,total,,45.5,0.56,0.58,0.0,0.0,0.0,KXNFLTOTAL-26OCT05ATLNO-46,2026-10-08T00:15:00Z
2026-09-30T15:41:13Z,2026,4,2026-10-05,ATL,NO,total,,42.5,0.66,0.67,0.64,18.84,18.84,KXNFLTOTAL-26OCT05ATLNO-43,2026-10-08T00:15:00Z
2026-09-30T15:41:13Z,2026,4,2026-10-05,ATL,NO,total,,39.5,0.74,0.75,0.75,25.97,25.97,KXNFLTOTAL-26OCT05ATLNO-40,2026-10-08T00:15:00Z
2026-09-30T15:41:13Z,2026,4,2026-10-05,ATL,NO,total,,36.5,0.81,0.84,0.82,49.95,49.95,KXNFLTOTAL-26OCT05ATLNO-37,2026-10-08T00:15:00Z
2026-09-30T15:41:13Z,2026,4,2026-10-05,ATL,NO,total,,33.5,0.87,0.89,0.87,66.6,66.6,KXNFLTOTAL-26OCT05ATLNO-34,2026-10-08T00:15:00Z
2026-09-30T15:41:13Z,2026,4,2026-10-05,ATL,NO,total,,30.5,0.92,0.93,0.92,99.9,99.9,KXNFLTOTAL-26OCT05ATLNO-31,2026-10-08T00:15:00Z
2026-09-30T15:41:13Z,2026,4,2026-10-05,ATL,NO,total,,27.5,0.95,0.97,0.95,156.05,156.05,KXNFLTOTAL-26OCT05ATLNO-28,2026-10-08T00:15:00Z
2026-09-30T15:41:13Z,2026,4,2026-10-04,DEN,SF,total,,67.5,0.07,0.08,0.08,2816.94,2794.34,KXNFLTOTAL-26OCT04DENSF-68,2026-10-06T20:25:00Z
2026-09-30T15:41:13Z,2026,4,2026-10-04,DEN,SF,total,,64.5,0.11,0.12,0.1,3018.13,3013.13,KXNFLTOTAL-26OCT04DENSF-65,2026-10-06T20:25:00Z
2026-09-30T15:41:13Z,2026,4,2026-10-04,DEN,SF,total,,61.5,0.15,0.16,0.16,2956.12,2933.89,KXNFLTOTAL-26OCT04DENSF-62,2026-10-06T20:25:00Z
2026-09-30T15:41:13Z,2026,4,2026-10-04,DEN,SF,total,,58.5,0.22,0.23,0.19,2817.77,2644.92,KXNFLTOTAL-26OCT04DENSF-59,2026-10-06T20:25:00Z
2026-09-30T15:41:13Z,2026,4,2026-10-04,DEN,SF,total,,55.5,0.28,0.29,0.28,1548.62,1513.62,KXNFLTOTAL-26OCT04DENSF-56,2026-10-06T20:25:00Z
2026-09-30T15:41:13Z,2026,4,2026-10-04,DEN,SF,total,,52.5,0.35,0.37,0.36,274.6,224.6,KXNFLTOTAL-26OCT04DENSF-53,2026-10-06T20:25:00Z
2026-09-30T15:41:13Z,2026,4,2026-10-04,DEN,SF,total,,49.5,0.45,0.46,0.45,2188.6,1646.87,KXNFLTOTAL-26OCT04DENSF-50,2026-10-06T20:25:00Z
2026-09-30T15:41:13Z,2026,4,2026-10-04,DEN,SF,total,,48.5,0.48,0.5,0.5,2715.65,2006.79,KXNFLTOTAL-26OCT04DENSF-49,2026-10-06T20:25:00Z
2026-09-30T15:41:13Z,2026,4,2026-10-04,DEN,SF,total,,47.5,0.52,0.53,0.53,10314.63,10163.33,KXNFLTOTAL-26OCT04DENSF-48,2026-10-06T20:25:00Z
2026-09-30T15:41:13Z,2026,4,2026-10-04,DEN,SF,total,,46.5,0.55,0.56,0.56,7786.62,6159.84,KXNFLTOTAL-26OCT04DENSF-47,2026-10-06T20:25:00Z
2026-09-30T15:41:13Z,2026,4,2026-10-04,DEN,SF,total,,45.5,0.58,0.59,0.59,1341.53,950.6,KXNFLTOTAL-26OCT04DENSF-46,2026-10-06T20:25:00Z
2026-09-30T15:41:13Z,2026,4,2026-10-04,DEN,SF,total,,44.5,0.6,0.61,0.61,5365.47,3115.47,KXNFLTOTAL-26OCT04DENSF-45,2026-10-06T20:25:00Z
2026-09-30T15:41:13Z,2026,4,2026-10-04,DEN,SF,total,,43.5,0.64,0.65,0.65,135.08,135.08,KXNFLTOTAL-26OCT04DENSF-44,2026-10-06T20:25:00Z
2026-09-30T15:41:13Z,2026,4,2026-10-04,DEN,SF,total,,40.5,0.71,0.73,0.73,3595.1,1200.1,KXNFLTOTAL-26OCT04DENSF-41,2026-10-06T20:25:00Z
2026-09-30T15:41:13Z,2026,4,2026-10-04,DEN,SF,total,,37.5,0.79,0.81,0.78,1512.59,1512.59,KXNFLTOTAL-26OCT04DENSF-38,2026-10-06T20:25:00Z
2026-09-30T15:41:13Z,2026,4,2026-10-04,DEN,SF,total,,34.5,0.85,0.87,0.78,1285.0,1285.0,KXNFLTOTAL-26OCT04DENSF-35,2026-10-06T20:25:00Z
2026-09-30T15:41:13Z,2026,4,2026-10-04,DEN,SF,total,,31.5,0.9,0.92,0.91,1391.76,1241.76,KXNFLTOTAL-26OCT04DENSF-32,2026-10-06T20:25:00Z
2026-09-30T15:41:13Z,2026,4,2026-10-04,DEN,SF,total,,28.5,0.94,0.95,0.93,2609.62,2455.42,KXNFLTOTAL-26OCT04DENSF-29,2026-10-06T20:25:00Z
2026-09-30T15:41:13Z,2026,4,2026-10-04,DEN,SF,total,,25.5,0.96,0.98,0.97,317.8,317.8,KXNFLTOTAL-26OCT04DENSF-26,2026-10-06T20:25:00Z
2026-09-30T15:41:13Z,2026,4,2026-10-04,DET,CAR,total,,70.5,0.08,0.09,0.09,622.0,597.0,KXNFLTOTAL-26OCT04DETCAR-71,2026-10-07T00:20:00Z
2026-09-30T15:41:13Z,2026,4,2026-10-04,DET,CAR,total,,67.5,0.11,0.12,0.11,38.0,38.0,KXNFLTOTAL-26OCT04DETCAR-68,2026-10-07T00:20:00Z
2026-09-30T15:41:13Z,2026,4,2026-10-04,DET,CAR,total,,64.5,0.16,0.17,0.16,662.24,637.24,KXNFLTOTAL-26OCT04DETCAR-65,2026-10-07T00:20:00Z
2026-09-30T15:41:13Z,2026,4,2026-10-04,DET,CAR,total,,61.5,0.22,0.23,0.21,18919.81,16348.38,KXNFLTOTAL-26OCT04DETCAR-62,2026-10-07T00:20:00Z
2026-09-30T15:41:13Z,2026,4,2026-10-04,DET,CAR,total,,58.5,0.29,0.3,0.27,2544.08,1915.08,KXNFLTOTAL-26OCT04DETCAR-59,2026-10-07T00:20:00Z
2026-09-30T15:41:13Z,2026,4,2026-10-04,DET,CAR,total,,55.5,0.36,0.38,0.36,398.92,398.92,KXNFLTOTAL-26OCT04DETCAR-56,2026-10-07T00:20:00Z
2026-09-30T15:41:13Z,2026,4,2026-10-04,DET,CAR,total,,52.5,0.45,0.46,0.45,17867.84,17850.81,KXNFLTOTAL-26OCT04DETCAR-53,2026-10-07T00:20:00Z
2026-09-30T15:41:13Z,2026,4,2026-10-04,DET,CAR,total,,51.5,0.48,0.49,0.49,2124.66,1624.66,KXNFLTOTAL-26OCT04DETCAR-52,2026-10-07T00:20:00Z
2026-09-30T15:41:13Z,2026,4,2026-10-04,DET,CAR,total,,50.5,0.52,0.53,0.52,11870.0,7978.77,KXNFLTOTAL-26OCT04DETCAR-51,2026-10-07T00:20:00Z
2026-09-30T15:41:13Z,2026,4,2026-10-04,DET,CAR,total,,49.5,0.54,0.55,0.54,828.08,753.08,KXNFLTOTAL-26OCT04DETCAR-50,2026-10-07T00:20:00Z
2026-09-30T15:41:13Z,2026,4,2026-10-04,DET,CAR,total,,48.5,0.57,0.58,0.57,376.32,376.32,KXNFLTOTAL-26OCT04DETCAR-49,2026-10-07T00:20:00Z
2026-09-30T15:41:13Z,2026,4,2026-10-04,DET,CAR,total,,47.5,0.59,0.6,0.6,255.96,255.96,KXNFLTOTAL-26OCT04DETCAR-48,2026-10-07T00:20:00Z
2026-09-30T15:41:13Z,2026,4,2026-10-04,DET,CAR,total,,46.5,0.62,0.63,0.0,0.0,0.0,KXNFLTOTAL-26OCT04DETCAR-47,2026-10-07T00:20:00Z
2026-09-30T15:41:13Z,2026,4,2026-10-04,DET,CAR,total,,43.5,0.7,0.71,0.0,0.0,0.0,KXNFLTOTAL-26OCT04DETCAR-44,2026-10-07T00:20:00Z
2026-09-30T15:41:13Z,2026,4,2026-10-04,DET,CAR,total,,40.5,0.77,0.79,0.76,98.9,98.9,KXNFLTOTAL-26OCT04DETCAR-41,2026-10-07T00:20:00Z
2026-09-30T15:41:13Z,2026,4,2026-10-04,DET,CAR,total,,37.5,0.83,0.84,0.83,33.0,33.0,KXNFLTOTAL-26OCT04DETCAR-38,2026-10-07T00:20:00Z
2026-09-30T15:41:13Z,2026,4,2026-10-04,DET,CAR,total,,34.5,0.89,0.9,0.89,772.28,772.28,KXNFLTOTAL-26OCT04DETCAR-35,2026-10-07T00:20:00Z
2026-09-30T15:41:13Z,2026,4,2026-10-04,DET,CAR,total,,31.5,0.92,0.93,0.93,2365.74,2343.0,KXNFLTOTAL-26OCT04DETCAR-32,2026-10-07T00:20:00Z
2026-09-30T15:41:13Z,2026,4,2026-10-04,DET,CAR,total,,28.5,0.96,0.98,0.97,194.91,187.94,KXNFLTOTAL-26OCT04DETCAR-29,2026-10-07T00:20:00Z
2026-09-30T15:41:13Z,2026,4,2026-10-04,KC,LV,total,,67.5,0.07,0.08,0.07,5951.57,4445.34,KXNFLTOTAL-26OCT04KCLV-68,2026-10-06T20:25:00Z
2026-09-30T15:41:13Z,2026,4,2026-10-04,KC,LV,total,,64.5,0.1,0.11,0.11,4019.11,3983.14,KXNFLTOTAL-26OCT04KCLV-65,2026-10-06T20:25:00Z
2026-09-30T15:41:13Z,2026,4,2026-10-04,KC,LV,total,,61.5,0.15,0.16,0.14,5388.09,2865.26,KXNFLTOTAL-26OCT04KCLV-62,2026-10-06T20:25:00Z
2026-09-30T15:41:13Z,2026,4,2026-10-04,KC,LV,total,,58.5,0.2,0.21,0.2,2337.63,1836.21,KXNFLTOTAL-26OCT04KCLV-59,2026-10-06T20:25:00Z
2026-09-30T15:41:13Z,2026,4,2026-10-04,KC,LV,total,,55.5,0.28,0.29,0.28,163.6,150.28,KXNFLTOTAL-26OCT04KCLV-56,2026-10-06T20:25:00Z
2026-09-30T15:41:13Z,2026,4,2026-10-04,KC,LV,total,,52.5,0.35,0.36,0.36,2564.65,2524.52,KXNFLTOTAL-26OCT04KCLV-53,2026-10-06T20:25:00Z
2026-09-30T15:41:13Z,2026,4,2026-10-04,KC,LV,total,,49.5,0.44,0.45,0.44,95.89,90.7,KXNFLTOTAL-26OCT04KCLV-50,2026-10-06T20:25:00Z
2026-09-30T15:41:13Z,2026,4,2026-10-04,KC,LV,total,,48.5,0.46,0.47,0.47,401.57,371.75,KXNFLTOTAL-26OCT04KCLV-49,2026-10-06T20:25:00Z
2026-09-30T15:41:13Z,2026,4,2026-10-04,KC,LV,total,,47.5,0.5,0.51,0.51,28249.63,24458.5,KXNFLTOTAL-26OCT04KCLV-48,2026-10-06T20:25:00Z
2026-09-30T15:41:13Z,2026,4,2026-10-04,KC,LV,total,,46.5,0.54,0.55,0.56,14181.25,14083.41,KXNFLTOTAL-26OCT04KCLV-47,2026-10-06T20:25:00Z
2026-09-30T15:41:13Z,2026,4,2026-10-04,KC,LV,total,,45.5,0.57,0.58,0.58,1601.3,1520.28,KXNFLTOTAL-26OCT04KCLV-46,2026-10-06T20:25:00Z
2026-09-30T15:41:13Z,2026,4,2026-10-04,KC,LV,total,,44.5,0.59,0.61,0.61,57.78,57.78,KXNFLTOTAL-26OCT04KCLV-45,2026-10-06T20:25:00Z
2026-09-30T15:41:13Z,2026,4,2026-10-04,KC,LV,total,,43.5,0.63,0.64,0.63,281.95,127.73,KXNFLTOTAL-26OCT04KCLV-44,2026-10-06T20:25:00Z
2026-09-30T15:41:13Z,2026,4,2026-10-04,KC,LV,total,,40.5,0.71,0.72,0.73,163.17,122.58,KXNFLTOTAL-26OCT04KCLV-41,2026-10-06T20:25:00Z
2026-09-30T15:41:13Z,2026,4,2026-10-04,KC,LV,total,,37.5,0.79,0.8,0.8,142.87,90.87,KXNFLTOTAL-26OCT04KCLV-38,2026-10-06T20:25:00Z
2026-09-30T15:41:13Z,2026,4,2026-10-04,KC,LV,total,,34.5,0.85,0.87,0.85,1389.49,1244.61,KXNFLTOTAL-26OCT04KCLV-35,2026-10-06T20:25:00Z
2026-09-30T15:41:13Z,2026,4,2026-10-04,KC,LV,total,,31.5,0.9,0.92,0.91,833.19,753.7,KXNFLTOTAL-26OCT04KCLV-32,2026-10-06T20:25:00Z
2026-09-30T15:41:13Z,2026,4,2026-10-04,KC,LV,total,,28.5,0.94,0.95,0.95,2784.35,2744.35,KXNFLTOTAL-26OCT04KCLV-29,2026-10-06T20:25:00Z
2026-09-30T15:41:13Z,2026,4,2026-10-04,KC,LV,total,,25.5,0.96,0.97,0.96,20664.81,18811.75,KXNFLTOTAL-26OCT04KCLV-26,2026-10-06T20:25:00Z
2026-09-30T15:41:13Z,2026,4,2026-10-04,MIA,MIN,total,,62.5,0.02,0.04,0.03,1796.56,1666.56,KXNFLTOTAL-26OCT04MIAMIN-63,2026-10-06T20:05:00Z
2026-09-30T15:41:13Z,2026,4,2026-10-04,MIA,MIN,total,,59.5,0.04,0.05,0.05,4769.71,4764.78,KXNFLTOTAL-26OCT04MIAMIN-60,2026-10-06T20:05:00Z
2026-09-30T15:41:13Z,2026,4,2026-10-04,MIA,MIN,total,,56.5,0.08,0.09,0.08,5680.77,5680.77,KXNFLTOTAL-26OCT04MIAMIN-57,2026-10-06T20:05:00Z
2026-09-30T15:41:13Z,2026,4,2026-10-04,MIA,MIN,total,,53.5,0.11,0.12,0.12,16641.62,16490.62,KXNFLTOTAL-26OCT04MIAMIN-54,2026-10-06T20:05:00Z
2026-09-30T15:41:13Z,2026,4,2026-10-04,MIA,MIN,total,,50.5,0.17,0.19,0.17,17012.85,17012.85,KXNFLTOTAL-26OCT04MIAMIN-51,2026-10-06T20:05:00Z
2026-09-30T15:41:13Z,2026,4,2026-10-04,MIA,MIN,total,,47.5,0.24,0.25,0.23,18568.51,16927.86,KXNFLTOTAL-26OCT04MIAMIN-48,2026-10-06T20:05:00Z
2026-09-30T15:41:13Z,2026,4,2026-10-04,MIA,MIN,total,,44.5,0.31,0.33,0.32,15351.0,15301.0,KXNFLTOTAL-26OCT04MIAMIN-45,2026-10-06T20:05:00Z
2026-09-30T15:41:13Z,2026,4,2026-10-04,MIA,MIN,total,,43.5,0.35,0.37,0.33,3550.4,3159.4,KXNFLTOTAL-26OCT04MIAMIN-44,2026-10-06T20:05:00Z
2026-09-30T15:41:13Z,2026,4,2026-10-04,MIA,MIN,total,,42.5,0.38,0.39,0.37,2795.17,2397.56,KXNFLTOTAL-26OCT04MIAMIN-43,2026-10-06T20:05:00Z
2026-09-30T15:41:13Z,2026,4,2026-10-04,MIA,MIN,total,,41.5,0.41,0.42,0.42,17869.55,16920.89,KXNFLTOTAL-26OCT04MIAMIN-42,2026-10-06T20:05:00Z
2026-09-30T15:41:13Z,2026,4,2026-10-04,MIA,MIN,total,,40.5,0.43,0.45,0.44,523.56,302.68,KXNFLTOTAL-26OCT04MIAMIN-41,2026-10-06T20:05:00Z
2026-09-30T15:41:13Z,2026,4,2026-10-04,MIA,MIN,total,,39.5,0.46,0.47,0.46,3572.72,3368.19,KXNFLTOTAL-26OCT04MIAMIN-40,2026-10-06T20:05:00Z
2026-09-30T15:41:13Z,2026,4,2026-10-04,MIA,MIN,total,,38.5,0.51,0.52,0.51,10942.89,10037.23,KXNFLTOTAL-26OCT04MIAMIN-39,2026-10-06T20:05:00Z
2026-09-30T15:41:13Z,2026,4,2026-10-04,MIA,MIN,total,,35.5,0.6,0.61,0.61,64.87,39.87,KXNFLTOTAL-26OCT04MIAMIN-36,2026-10-06T20:05:00Z
2026-09-30T15:41:13Z,2026,4,2026-10-04,MIA,MIN,total,,32.5,0.69,0.7,0.7,4166.19,1757.59,KXNFLTOTAL-26OCT04MIAMIN-33,2026-10-06T20:05:00Z
2026-09-30T15:41:13Z,2026,4,2026-10-04,MIA,MIN,total,,29.5,0.78,0.79,0.78,2201.77,2009.73,KXNFLTOTAL-26OCT04MIAMIN-30,2026-10-06T20:05:00Z
2026-09-30T15:41:13Z,2026,4,2026-10-04,MIA,MIN,total,,26.5,0.85,0.87,0.85,5597.01,5422.01,KXNFLTOTAL-26OCT04MIAMIN-27,2026-10-06T20:05:00Z
2026-09-30T15:41:13Z,2026,4,2026-10-04,MIA,MIN,total,,23.5,0.9,0.91,0.91,19444.85,15651.71,KXNFLTOTAL-26OCT04MIAMIN-24,2026-10-06T20:05:00Z
2026-09-30T15:41:13Z,2026,4,2026-10-04,MIA,MIN,total,,20.5,0.94,0.95,0.95,3740.28,3736.28,KXNFLTOTAL-26OCT04MIAMIN-21,2026-10-06T20:05:00Z
2026-09-30T15:41:13Z,2026,4,2026-10-04,TEN,BAL,total,,64.5,0.05,0.06,0.05,1135.37,1124.97,KXNFLTOTAL-26OCT04TENBAL-65,2026-10-06T17:00:00Z
2026-09-30T15:41:13Z,2026,4,2026-10-04,TEN,BAL,total,,61.5,0.07,0.09,0.08,3708.0,3708.0,KXNFLTOTAL-26OCT04TENBAL-62,2026-10-06T17:00:00Z
2026-09-30T15:41:13Z,2026,4,2026-10-04,TEN,BAL,total,,58.5,0.12,0.13,0.13,5654.0,5462.0,KXNFLTOTAL-26OCT04TENBAL-59,2026-10-06T17:00:00Z
2026-09-30T15:41:13Z,2026,4,2026-10-04,TEN,BAL,total,,55.5,0.17,0.18,0.18,15813.4,15453.24,KXNFLTOTAL-26OCT04TENBAL-56,2026-10-06T17:00:00Z
2026-09-30T15:41:13Z,2026,4,2026-10-04,TEN,BAL,total,,52.5,0.23,0.24,0.24,16297.89,15940.23,KXNFLTOTAL-26OCT04TENBAL-53,2026-10-06T17:00:00Z
2026-09-30T15:41:13Z,2026,4,2026-10-04,TEN,BAL,total,,49.5,0.31,0.32,0.33,15360.0,15305.0,KXNFLTOTAL-26OCT04TENBAL-50,2026-10-06T17:00:00Z
2026-09-30T15:41:13Z,2026,4,2026-10-04,TEN,BAL,total,,46.5,0.41,0.42,0.41,19493.01,19207.77,KXNFLTOTAL-26OCT04TENBAL-47,2026-10-06T17:00:00Z
2026-09-30T15:41:13Z,2026,4,2026-10-04,TEN,BAL,total,,45.5,0.44,0.45,0.44,2312.32,2161.0,KXNFLTOTAL-26OCT04TENBAL-46,2026-10-06T17:00:00Z
2026-09-30T15:41:13Z,2026,4,2026-10-04,TEN,BAL,total,,44.5,0.46,0.47,0.47,76.0,72.0,KXNFLTOTAL-26OCT04TENBAL-45,2026-10-06T17:00:00Z
2026-09-30T15:41:13Z,2026,4,2026-10-04,TEN,BAL,total,,43.5,0.49,0.5,0.5,5712.94,5644.09,KXNFLTOTAL-26OCT04TENBAL-44,2026-10-06T17:00:00Z
2026-09-30T15:41:13Z,2026,4,2026-10-04,TEN,BAL,total,,42.5,0.54,0.55,0.54,1213.75,1155.75,KXNFLTOTAL-26OCT04TENBAL-43,2026-10-06T17:00:00Z
2026-09-30T15:41:13Z,2026,4,2026-10-04,TEN,BAL,total,,41.5,0.57,0.58,0.57,137.42,137.42,KXNFLTOTAL-26OCT04TENBAL-42,2026-10-06T17:00:00Z
2026-09-30T15:41:13Z,2026,4,2026-10-04,TEN,BAL,total,,40.5,0.59,0.61,0.0,0.0,0.0,KXNFLTOTAL-26OCT04TENBAL-41,2026-10-06T17:00:00Z
2026-09-30T15:41:13Z,2026,4,2026-10-04,TEN,BAL,total,,37.5,0.69,0.7,0.69,174.07,98.07,KXNFLTOTAL-26OCT04TENBAL-38,2026-10-06T17:00:00Z
2026-09-30T15:41:13Z,2026,4,2026-10-04,TEN,BAL,total,,34.5,0.77,0.78,0.79,310523.06,310078.57,KXNFLTOTAL-26OCT04TENBAL-35,2026-10-06T17:00:00Z
2026-09-30T15:41:13Z,2026,4,2026-10-04,TEN,BAL,total,,31.5,0.85,0.87,0.84,2243.0,1747.0,KXNFLTOTAL-26OCT04TENBAL-32,2026-10-06T17:00:00Z
2026-09-30T15:41:13Z,2026,4,2026-10-04,TEN,BAL,total,,28.5,0.9,0.92,0.9,3025.03,2975.03,KXNFLTOTAL-26OCT04TENBAL-29,2026-10-06T17:00:00Z
2026-09-30T15:41:13Z,2026,4,2026-10-04,TEN,BAL,total,,25.5,0.94,0.95,0.95,2602.15,2552.15,KXNFLTOTAL-26OCT04TENBAL-26,2026-10-06T17:00:00Z
2026-09-30T15:41:13Z,2026,4,2026-10-04,TEN,BAL,total,,22.5,0.96,0.98,0.97,20218.62,10094.23,KXNFLTOTAL-26OCT04TENBAL-23,2026-10-06T17:00:00Z
2026-09-30T15:41:13Z,2026,4,2026-10-04,DAL,HOU,total,,68.5,0.06,0.07,0.07,4024.46,2932.37,KXNFLTOTAL-26OCT04DALHOU-69,2026-10-06T17:00:00Z
2026-09-30T15:41:13Z,2026,4,2026-10-04,DAL,HOU,total,,65.5,0.09,0.1,0.09,1455.0,1455.0,KXNFLTOTAL-26OCT04DALHOU-66,2026-10-06T17:00:00Z
2026-09-30T15:41:13Z,2026,4,2026-10-04,DAL,HOU,total,,62.5,0.14,0.15,0.13,1063.69,1063.69,KXNFLTOTAL-26OCT04DALHOU-63,2026-10-06T17:00:00Z
2026-09-30T15:41:13Z,2026,4,2026-10-04,DAL,HOU,total,,59.5,0.19,0.21,0.19,12.55,12.55,KXNFLTOTAL-26OCT04DALHOU-60,2026-10-06T17:00:00Z
2026-09-30T15:41:13Z,2026,4,2026-10-04,DAL,HOU,total,,56.5,0.26,0.28,0.22,5.0,5.0,KXNFLTOTAL-26OCT04DALHOU-57,2026-10-06T17:00:00Z
2026-09-30T15:41:13Z,2026,4,2026-10-04,DAL,HOU,total,,53.5,0.34,0.36,0.35,21.0,13.0,KXNFLTOTAL-26OCT04DALHOU-54,2026-10-06T17:00:00Z
2026-09-30T15:41:13Z,2026,4,2026-10-04,DAL,HOU,total,,50.5,0.42,0.43,0.41,16193.98,16111.08,KXNFLTOTAL-26OCT04DALHOU-51,2026-10-06T17:00:00Z
2026-09-30T15:41:13Z,2026,4,2026-10-04,DAL,HOU,total,,49.5,0.44,0.46,0.45,128.35,100.49,KXNFLTOTAL-26OCT04DALHOU-50,2026-10-06T17:00:00Z
2026-09-30T15:41:13Z,2026,4,2026-10-04,DAL,HOU,total,,48.5,0.48,0.49,0.49,4434.17,4416.17,KXNFLTOTAL-26OCT04DALHOU-49,2026-10-06T17:00:00Z
2026-09-30T15:41:13Z,2026,4,2026-10-04,DAL,HOU,total,,47.5,0.52,0.53,0.53,431.29,372.29,KXNFLTOTAL-26OCT04DALHOU-48,2026-10-06T17:00:00Z
2026-09-30T15:41:13Z,2026,4,2026-10-04,DAL,HOU,total,,46.5,0.54,0.56,0.0,0.0,0.0,KXNFLTOTAL-26OCT04DALHOU-47,2026-10-06T17:00:00Z
2026-09-30T15:41:13Z,2026,4,2026-10-04,DAL,HOU,total,,45.5,0.57,0.59,0.78,550.0,550.0,KXNFLTOTAL-26OCT04DALHOU-46,2026-10-06T17:00:00Z
2026-09-30T15:41:13Z,2026,4,2026-10-04,DAL,HOU,total,,44.5,0.6,0.61,0.61,15.86,15.86,KXNFLTOTAL-26OCT04DALHOU-45,2026-10-06T17:00:00Z
2026-09-30T15:41:13Z,2026,4,2026-10-04,DAL,HOU,total,,41.5,0.68,0.7,0.63,8.0,8.0,KXNFLTOTAL-26OCT04DALHOU-42,2026-10-06T17:00:00Z
2026-09-30T15:41:13Z,2026,4,2026-10-04,DAL,HOU,total,,38.5,0.76,0.78,0.0,0.0,0.0,KXNFLTOTAL-26OCT04DALHOU-39,2026-10-06T17:00:00Z
2026-09-30T15:41:13Z,2026,4,2026-10-04,DAL,HOU,total,,35.5,0.83,0.85,0.0,0.0,0.0,KXNFLTOTAL-26OCT04DALHOU-36,2026-10-06T17:00:00Z
2026-09-30T15:41:13Z,2026,4,2026-10-04,DAL,HOU,total,,32.5,0.89,0.91,0.9,17841.0,15005.58,KXNFLTOTAL-26OCT04DALHOU-33,2026-10-06T17:00:00Z
2026-09-30T15:41:13Z,2026,4,2026-10-04,DAL,HOU,total,,29.5,0.92,0.93,0.92,22274.17,15152.17,KXNFLTOTAL-26OCT04DALHOU-30,2026-10-06T17:00:00Z
2026-09-30T15:41:13Z,2026,4,2026-10-04,DAL,HOU,total,,26.5,0.96,0.97,0.96,20607.03,15611.58,KXNFLTOTAL-26OCT04DALHOU-27,2026-10-06T17:00:00Z
2026-09-30T15:41:13Z,2026,4,2026-10-04,LAC,SEA,total,,64.5,0.05,0.06,0.05,4867.64,4867.64,KXNFLTOTAL-26OCT04LACSEA-65,2026-10-06T20:25:00Z
2026-09-30T15:41:13Z,2026,4,2026-10-04,LAC,SEA,total,,61.5,0.08,0.09,0.08,3360.31,3360.31,KXNFLTOTAL-26OCT04LACSEA-62,2026-10-06T20:25:00Z
2026-09-30T15:41:13Z,2026,4,2026-10-04,LAC,SEA,total,,58.5,0.12,0.13,0.12,390.26,390.26,KXNFLTOTAL-26OCT04LACSEA-59,2026-10-06T20:25:00Z
2026-09-30T15:41:13Z,2026,4,2026-10-04,LAC,SEA,total,,55.5,0.17,0.18,0.16,403.0,382.0,KXNFLTOTAL-26OCT04LACSEA-56,2026-10-06T20:25:00Z
2026-09-30T15:41:13Z,2026,4,2026-10-04,LAC,SEA,total,,52.5,0.23,0.24,0.23,227.0,227.0,KXNFLTOTAL-26OCT04LACSEA-53,2026-10-06T20:25:00Z
2026-09-30T15:41:13Z,2026,4,2026-10-04,LAC,SEA,total,,49.5,0.3,0.31,0.32,16250.0,10678.0,KXNFLTOTAL-26OCT04LACSEA-50,2026-10-06T20:25:00Z
2026-09-30T15:41:13Z,2026,4,2026-10-04,LAC,SEA,total,,46.5,0.39,0.4,0.38,1183.0,963.0,KXNFLTOTAL-26OCT04LACSEA-47,2026-10-06T20:25:00Z
2026-09-30T15:41:13Z,2026,4,2026-10-04,LAC,SEA,total,,45.5,0.39,0.4,0.41,17461.03,13609.01,KXNFLTOTAL-26OCT04LACSEA-46,2026-10-06T20:25:00Z
2026-09-30T15:41:13Z,2026,4,2026-10-04,LAC,SEA,total,,44.5,0.43,0.44,0.43,1653.23,1524.23,KXNFLTOTAL-26OCT04LACSEA-45,2026-10-06T20:25:00Z
2026-09-30T15:41:13Z,2026,4,2026-10-04,LAC,SEA,total,,43.5,0.46,0.48,0.47,529.97,489.57,KXNFLTOTAL-26OCT04LACSEA-44,2026-10-06T20:25:00Z
2026-09-30T15:41:13Z,2026,4,2026-10-04,LAC,SEA,total,,42.5,0.5,0.51,0.51,3041.58,2738.61,KXNFLTOTAL-26OCT04LACSEA-43,2026-10-06T20:25:00Z
2026-09-30T15:41:13Z,2026,4,2026-10-04,LAC,SEA,total,,41.5,0.53,0.55,0.54,13611.0,13611.0,KXNFLTOTAL-26OCT04LACSEA-42,2026-10-06T20:25:00Z
2026-09-30T15:41:13Z,2026,4,2026-10-04,LAC,SEA,total,,40.5,0.57,0.58,0.59,15558.7,15558.7,KXNFLTOTAL-26OCT04LACSEA-41,2026-10-06T20:25:00Z
2026-09-30T15:41:13Z,2026,4,2026-10-04,LAC,SEA,total,,37.5,0.66,0.68,0.67,2892.44,1983.44,KXNFLTOTAL-26OCT04LACSEA-38,2026-10-06T20:25:00Z
2026-09-30T15:41:13Z,2026,4,2026-10-04,LAC,SEA,total,,34.5,0.74,0.77,0.75,2640.0,1372.0,KXNFLTOTAL-26OCT04LACSEA-35,2026-10-06T20:25:00Z
2026-09-30T15:41:13Z,2026,4,2026-10-04,LAC,SEA,total,,31.5,0.84,0.85,0.83,33964.36,31343.0,KXNFLTOTAL-26OCT04LACSEA-32,2026-10-06T20:25:00Z
2026-09-30T15:41:13Z,2026,4,2026-10-04,LAC,SEA,total,,28.5,0.89,0.9,0.9,19919.51,19327.15,KXNFLTOTAL-26OCT04LACSEA-29,2026-10-06T20:25:00Z
2026-09-30T15:41:13Z,2026,4,2026-10-04,LAC,SEA,total,,25.5,0.93,0.94,0.94,36324.15,9582.15,KXNFLTOTAL-26OCT04LACSEA-26,2026-10-06T20:25:00Z
2026-09-30T15:41:13Z,2026,4,2026-10-04,LAC,SEA,total,,22.5,0.95,0.97,0.97,21118.87,10368.63,KXNFLTOTAL-26OCT04LACSEA-23,2026-10-06T20:25:00Z
2026-09-30T15:41:13Z,2026,4,2026-10-04,ARI,NYG,total,,64.5,0.06,0.07,0.07,1382.68,1382.68,KXNFLTOTAL-26OCT04ARINYG-65,2026-10-06T17:00:00Z
2026-09-30T15:41:13Z,2026,4,2026-10-04,ARI,NYG,total,,61.5,0.09,0.1,0.09,6888.95,6866.38,KXNFLTOTAL-26OCT04ARINYG-62,2026-10-06T17:00:00Z
2026-09-30T15:41:13Z,2026,4,2026-10-04,ARI,NYG,total,,58.5,0.14,0.15,0.14,537.89,537.89,KXNFLTOTAL-26OCT04ARINYG-59,2026-10-06T17:00:00Z
2026-09-30T15:41:13Z,2026,4,2026-10-04,ARI,NYG,total,,55.5,0.2,0.21,0.19,3901.99,2651.99,KXNFLTOTAL-26OCT04ARINYG-56,2026-10-06T17:00:00Z
2026-09-30T15:41:13Z,2026,4,2026-10-04,ARI,NYG,total,,52.5,0.25,0.26,0.0,0.0,0.0,KXNFLTOTAL-26OCT04ARINYG-53,2026-10-06T17:00:00Z
2026-09-30T15:41:13Z,2026,4,2026-10-04,ARI,NYG,total,,49.5,0.34,0.36,0.35,88.52,31.0,KXNFLTOTAL-26OCT04ARINYG-50,2026-10-06T17:00:00Z
2026-09-30T15:41:13Z,2026,4,2026-10-04,ARI,NYG,total,,46.5,0.42,0.43,0.42,625.0,475.0,KXNFLTOTAL-26OCT04ARINYG-47,2026-10-06T17:00:00Z
2026-09-30T15:41:13Z,2026,4,2026-10-04,ARI,NYG,total,,45.5,0.45,0.46,0.45,12581.19,12581.19,KXNFLTOTAL-26OCT04ARINYG-46,2026-10-06T17:00:00Z
2026-09-30T15:41:13Z,2026,4,2026-10-04,ARI,NYG,total,,44.5,0.48,0.49,0.49,13630.12,13553.11,KXNFLTOTAL-26OCT04ARINYG-45,2026-10-06T17:00:00Z
2026-09-30T15:41:13Z,2026,4,2026-10-04,ARI,NYG,total,,43.5,0.52,0.53,0.53,2048.92,1090.52,KXNFLTOTAL-26OCT04ARINYG-44,2026-10-06T17:00:00Z
2026-09-30T15:41:13Z,2026,4,2026-10-04,ARI,NYG,total,,42.5,0.55,0.57,0.56,15.0,15.0,KXNFLTOTAL-26OCT04ARINYG-43,2026-10-06T17:00:00Z
2026-09-30T15:41:13Z,2026,4,2026-10-04,ARI,NYG,total,,41.5,0.58,0.6,0.59,195.52,195.52,KXNFLTOTAL-26OCT04ARINYG-42,2026-10-06T17:00:00Z
2026-09-30T15:41:13Z,2026,4,2026-10-04,ARI,NYG,total,,40.5,0.6,0.62,0.62,3301.79,917.79,KXNFLTOTAL-26OCT04ARINYG-41,2026-10-06T17:00:00Z
2026-09-30T15:41:13Z,2026,4,2026-10-04,ARI,NYG,total,,37.5,0.69,0.7,0.69,19082.47,11918.0,KXNFLTOTAL-26OCT04ARINYG-38,2026-10-06T17:00:00Z
2026-09-30T15:41:13Z,2026,4,2026-10-04,ARI,NYG,total,,34.5,0.77,0.79,0.71,15045.63,15044.63,KXNFLTOTAL-26OCT04ARINYG-35,2026-10-06T17:00:00Z
2026-09-30T15:41:13Z,2026,4,2026-10-04,ARI,NYG,total,,31.5,0.84,0.85,0.84,58477.53,49332.55,KXNFLTOTAL-26OCT04ARINYG-32,2026-10-06T17:00:00Z
2026-09-30T15:41:13Z,2026,4,2026-10-04,ARI,NYG,total,,28.5,0.9,0.91,0.9,23867.72,15258.86,KXNFLTOTAL-26OCT04ARINYG-29,2026-10-06T17:00:00Z
2026-09-30T15:41:13Z,2026,4,2026-10-04,ARI,NYG,total,,25.5,0.94,0.95,0.95,33999.0,15704.67,KXNFLTOTAL-26OCT04ARINYG-26,2026-10-06T17:00:00Z
2026-09-30T15:41:13Z,2026,4,2026-10-04,ARI,NYG,total,,22.5,0.96,0.97,0.96,45790.17,30584.68,KXNFLTOTAL-26OCT04ARINYG-23,2026-10-06T17:00:00Z
2026-09-30T15:41:13Z,2026,4,2026-10-04,LAR,PHI,total,,66.5,0.04,0.05,0.04,16119.84,14855.27,KXNFLTOTAL-26OCT04LARPHI-67,2026-10-06T17:00:00Z
2026-09-30T15:41:13Z,2026,4,2026-10-04,LAR,PHI,total,,63.5,0.07,0.08,0.08,5368.75,4310.34,KXNFLTOTAL-26OCT04LARPHI-64,2026-10-06T17:00:00Z
2026-09-30T15:41:13Z,2026,4,2026-10-04,LAR,PHI,total,,60.5,0.11,0.13,0.12,16156.22,12921.69,KXNFLTOTAL-26OCT04LARPHI-61,2026-10-06T17:00:00Z
2026-09-30T15:41:13Z,2026,4,2026-10-04,LAR,PHI,total,,57.5,0.14,0.15,0.17,16364.5,14946.41,KXNFLTOTAL-26OCT04LARPHI-58,2026-10-06T17:00:00Z
2026-09-30T15:41:13Z,2026,4,2026-10-04,LAR,PHI,total,,54.5,0.2,0.22,0.2,2445.94,1336.47,KXNFLTOTAL-26OCT04LARPHI-55,2026-10-06T17:00:00Z
2026-09-30T15:41:13Z,2026,4,2026-10-04,LAR,PHI,total,,51.5,0.26,0.28,0.28,2297.38,1955.33,KXNFLTOTAL-26OCT04LARPHI-52,2026-10-06T17:00:00Z
2026-09-30T15:41:13Z,2026,4,2026-10-04,LAR,PHI,total,,48.5,0.35,0.36,0.41,408.84,358.0,KXNFLTOTAL-26OCT04LARPHI-49,2026-10-06T17:00:00Z
2026-09-30T15:41:13Z,2026,4,2026-10-04,LAR,PHI,total,,47.5,0.37,0.39,0.38,603.78,539.78,KXNFLTOTAL-26OCT04LARPHI-48,2026-10-06T17:00:00Z
2026-09-30T15:41:13Z,2026,4,2026-10-04,LAR,PHI,total,,46.5,0.39,0.4,0.4,10606.22,10494.76,KXNFLTOTAL-26OCT04LARPHI-47,2026-10-06T17:00:00Z
2026-09-30T15:41:13Z,2026,4,2026-10-04,LAR,PHI,total,,45.5,0.43,0.44,0.45,2045.47,2035.47,KXNFLTOTAL-26OCT04LARPHI-46,2026-10-06T17:00:00Z
2026-09-30T15:41:13Z,2026,4,2026-10-04,LAR,PHI,total,,44.5,0.45,0.46,0.45,59631.77,50797.16,KXNFLTOTAL-26OCT04LARPHI-45,2026-10-06T17:00:00Z
2026-09-30T15:41:13Z,2026,4,2026-10-04,LAR,PHI,total,,43.5,0.47,0.48,0.48,35323.22,14300.39,KXNFLTOTAL-26OCT04LARPHI-44,2026-10-06T17:00:00Z
2026-09-30T15:41:13Z,2026,4,2026-10-04,LAR,PHI,total,,42.5,0.52,0.53,0.52,12591.26,12021.16,KXNFLTOTAL-26OCT04LARPHI-43,2026-10-06T17:00:00Z
2026-09-30T15:41:13Z,2026,4,2026-10-04,LAR,PHI,total,,39.5,0.63,0.64,0.65,6031.78,916.78,KXNFLTOTAL-26OCT04LARPHI-40,2026-10-06T17:00:00Z
2026-09-30T15:41:13Z,2026,4,2026-10-04,LAR,PHI,total,,36.5,0.71,0.72,0.72,5414.73,1684.48,KXNFLTOTAL-26OCT04LARPHI-37,2026-10-06T17:00:00Z
2026-09-30T15:41:13Z,2026,4,2026-10-04,LAR,PHI,total,,33.5,0.78,0.8,0.8,33188.82,1791.18,KXNFLTOTAL-26OCT04LARPHI-34,2026-10-06T17:00:00Z
2026-09-30T15:41:13Z,2026,4,2026-10-04,LAR,PHI,total,,30.5,0.85,0.86,0.86,14748.85,12848.0,KXNFLTOTAL-26OCT04LARPHI-31,2026-10-06T17:00:00Z
2026-09-30T15:41:13Z,2026,4,2026-10-04,LAR,PHI,total,,27.5,0.9,0.92,0.93,37117.92,9782.02,KXNFLTOTAL-26OCT04LARPHI-28,2026-10-06T17:00:00Z
2026-09-30T15:41:13Z,2026,4,2026-10-04,LAR,PHI,total,,24.5,0.94,0.95,0.94,39192.61,20713.23,KXNFLTOTAL-26OCT04LARPHI-25,2026-10-06T17:00:00Z
2026-09-30T15:41:13Z,2026,4,2026-10-04,GB,TB,total,,67.5,0.01,0.02,0.02,1018.35,1018.35,KXNFLTOTAL-26OCT04GBTB-68,2026-10-06T17:00:00Z
2026-09-30T15:41:13Z,2026,4,2026-10-04,GB,TB,total,,64.5,0.04,0.05,0.04,17143.89,15573.89,KXNFLTOTAL-26OCT04GBTB-65,2026-10-06T17:00:00Z
2026-09-30T15:41:13Z,2026,4,2026-10-04,GB,TB,total,,61.5,0.04,0.05,0.04,717.0,717.0,KXNFLTOTAL-26OCT04GBTB-62,2026-10-06T17:00:00Z
2026-09-30T15:41:13Z,2026,4,2026-10-04,GB,TB,total,,58.5,0.07,0.08,0.08,18526.79,10892.79,KXNFLTOTAL-26OCT04GBTB-59,2026-10-06T17:00:00Z
2026-09-30T15:41:13Z,2026,4,2026-10-04,GB,TB,total,,55.5,0.11,0.12,0.11,20404.4,9117.4,KXNFLTOTAL-26OCT04GBTB-56,2026-10-06T17:00:00Z
2026-09-30T15:41:13Z,2026,4,2026-10-04,GB,TB,total,,52.5,0.15,0.16,0.16,9523.56,7029.36,KXNFLTOTAL-26OCT04GBTB-53,2026-10-06T17:00:00Z
2026-09-30T15:41:13Z,2026,4,2026-10-04,GB,TB,total,,49.5,0.21,0.22,0.22,30933.13,21670.37,KXNFLTOTAL-26OCT04GBTB-50,2026-10-06T17:00:00Z
2026-09-30T15:41:13Z,2026,4,2026-10-04,GB,TB,total,,48.5,0.23,0.24,0.24,21323.64,9322.03,KXNFLTOTAL-26OCT04GBTB-49,2026-10-06T17:00:00Z
2026-09-30T15:41:13Z,2026,4,2026-10-04,GB,TB,total,,47.5,0.25,0.26,0.25,22901.19,9975.81,KXNFLTOTAL-26OCT04GBTB-48,2026-10-06T17:00:00Z
2026-09-30T15:41:13Z,2026,4,2026-10-04,GB,TB,total,,46.5,0.29,0.3,0.29,23004.83,6825.36,KXNFLTOTAL-26OCT04GBTB-47,2026-10-06T17:00:00Z
2026-09-30T15:41:13Z,2026,4,2026-10-04,GB,TB,total,,45.5,0.3,0.31,0.29,23404.86,10189.83,KXNFLTOTAL-26OCT04GBTB-46,2026-10-06T17:00:00Z
2026-09-30T15:41:13Z,2026,4,2026-10-04,GB,TB,total,,44.5,0.33,0.34,0.33,70776.93,55248.11,KXNFLTOTAL-26OCT04GBTB-45,2026-10-06T17:00:00Z
2026-09-30T15:41:13Z,2026,4,2026-10-04,GB,TB,total,,43.5,0.35,0.36,0.35,64363.97,63277.66,KXNFLTOTAL-26OCT04GBTB-44,2026-10-06T17:00:00Z
2026-09-30T15:41:13Z,2026,4,2026-10-04,GB,TB,total,,40.5,0.46,0.47,0.47,35577.88,16522.53,KXNFLTOTAL-26OCT04GBTB-41,2026-10-06T17:00:00Z
2026-09-30T15:41:13Z,2026,4,2026-10-04,GB,TB,total,,37.5,0.55,0.56,0.56,48861.61,34279.43,KXNFLTOTAL-26OCT04GBTB-38,2026-10-06T17:00:00Z
2026-09-30T15:41:13Z,2026,4,2026-10-04,GB,TB,total,,34.5,0.65,0.66,0.66,24373.15,8575.29,KXNFLTOTAL-26OCT04GBTB-35,2026-10-06T17:00:00Z
2026-09-30T15:41:13Z,2026,4,2026-10-04,GB,TB,total,,31.5,0.73,0.75,0.75,47646.57,11965.61,KXNFLTOTAL-26OCT04GBTB-32,2026-10-06T17:00:00Z
2026-09-30T15:41:13Z,2026,4,2026-10-04,GB,TB,total,,28.5,0.82,0.84,0.83,49682.11,15432.51,KXNFLTOTAL-26OCT04GBTB-29,2026-10-06T17:00:00Z
2026-09-30T15:41:13Z,2026,4,2026-10-04,GB,TB,total,,25.5,0.89,0.9,0.89,30701.91,592.93,KXNFLTOTAL-26OCT04GBTB-26,2026-10-06T17:00:00Z
2026-09-30T15:41:13Z,2026,4,2026-10-04,JAX,CIN,total,,70.5,0.09,0.1,0.09,1890.22,1890.22,KXNFLTOTAL-26OCT04JACCIN-71,2026-10-06T17:00:00Z
2026-09-30T15:41:13Z,2026,4,2026-10-04,JAX,CIN,total,,67.5,0.12,0.13,0.12,3372.65,3372.65,KXNFLTOTAL-26OCT04JACCIN-68,2026-10-06T17:00:00Z
2026-09-30T15:41:13Z,2026,4,2026-10-04,JAX,CIN,total,,64.5,0.17,0.18,0.0,0.0,0.0,KXNFLTOTAL-26OCT04JACCIN-65,2026-10-06T17:00:00Z
2026-09-30T15:41:13Z,2026,4,2026-10-04,JAX,CIN,total,,61.5,0.22,0.23,0.18,129.56,129.56,KXNFLTOTAL-26OCT04JACCIN-62,2026-10-06T17:00:00Z
2026-09-30T15:41:13Z,2026,4,2026-10-04,JAX,CIN,total,,58.5,0.29,0.3,0.3,3787.0,3725.0,KXNFLTOTAL-26OCT04JACCIN-59,2026-10-06T17:00:00Z
2026-09-30T15:41:13Z,2026,4,2026-10-04,JAX,CIN,total,,55.5,0.37,0.38,0.38,346.44,176.44,KXNFLTOTAL-26OCT04JACCIN-56,2026-10-06T17:00:00Z
2026-09-30T15:41:13Z,2026,4,2026-10-04,JAX,CIN,total,,52.5,0.45,0.46,0.45,9.15,9.15,KXNFLTOTAL-26OCT04JACCIN-53,2026-10-06T17:00:00Z
2026-09-30T15:41:13Z,2026,4,2026-10-04,JAX,CIN,total,,51.5,0.48,0.49,0.49,10033.57,8776.36,KXNFLTOTAL-26OCT04JACCIN-52,2026-10-06T17:00:00Z
2026-09-30T15:41:13Z,2026,4,2026-10-04,JAX,CIN,total,,50.5,0.52,0.53,0.52,3608.1,1731.19,KXNFLTOTAL-26OCT04JACCIN-51,2026-10-06T17:00:00Z
2026-09-30T15:41:13Z,2026,4,2026-10-04,JAX,CIN,total,,49.5,0.55,0.56,0.56,174.91,174.91,KXNFLTOTAL-26OCT04JACCIN-50,2026-10-06T17:00:00Z
2026-09-30T15:41:13Z,2026,4,2026-10-04,JAX,CIN,total,,48.5,0.58,0.59,0.57,1848.8,1012.0,KXNFLTOTAL-26OCT04JACCIN-49,2026-10-06T17:00:00Z
2026-09-30T15:41:13Z,2026,4,2026-10-04,JAX,CIN,total,,47.5,0.61,0.62,0.62,16625.53,13686.07,KXNFLTOTAL-26OCT04JACCIN-48,2026-10-06T17:00:00Z
2026-09-30T15:41:13Z,2026,4,2026-10-04,JAX,CIN,total,,46.5,0.65,0.66,0.65,13988.18,13911.18,KXNFLTOTAL-26OCT04JACCIN-47,2026-10-06T17:00:00Z
2026-09-30T15:41:13Z,2026,4,2026-10-04,JAX,CIN,total,,43.5,0.71,0.73,0.72,16882.96,15739.78,KXNFLTOTAL-26OCT04JACCIN-44,2026-10-06T17:00:00Z
2026-09-30T15:41:13Z,2026,4,2026-10-04,JAX,CIN,total,,40.5,0.78,0.81,0.81,5230.58,2705.54,KXNFLTOTAL-26OCT04JACCIN-41,2026-10-06T17:00:00Z
2026-09-30T15:41:13Z,2026,4,2026-10-04,JAX,CIN,total,,37.5,0.84,0.85,0.86,20060.46,10035.52,KXNFLTOTAL-26OCT04JACCIN-38,2026-10-06T17:00:00Z
2026-09-30T15:41:13Z,2026,4,2026-10-04,JAX,CIN,total,,34.5,0.9,0.91,0.91,19535.91,11792.27,KXNFLTOTAL-26OCT04JACCIN-35,2026-10-06T17:00:00Z
2026-09-30T15:41:13Z,2026,4,2026-10-04,JAX,CIN,total,,31.5,0.93,0.94,0.93,49073.67,22929.51,KXNFLTOTAL-26OCT04JACCIN-32,2026-10-06T17:00:00Z
2026-09-30T15:41:13Z,2026,4,2026-10-04,JAX,CIN,total,,28.5,0.95,0.97,0.95,38002.54,37887.3,KXNFLTOTAL-26OCT04JACCIN-29,2026-10-06T17:00:00Z
2026-09-30T15:41:13Z,2026,4,2026-10-04,NE,BUF,total,,69.5,0.06,0.07,0.06,3404.14,3336.05,KXNFLTOTAL-26OCT04NEBUF-70,2026-10-06T17:00:00Z
2026-09-30T15:41:13Z,2026,4,2026-10-04,NE,BUF,total,,66.5,0.09,0.1,0.09,11191.28,10966.67,KXNFLTOTAL-26OCT04NEBUF-67,2026-10-06T17:00:00Z
2026-09-30T15:41:13Z,2026,4,2026-10-04,NE,BUF,total,,63.5,0.14,0.15,0.0,0.0,0.0,KXNFLTOTAL-26OCT04NEBUF-64,2026-10-06T17:00:00Z
2026-09-30T15:41:13Z,2026,4,2026-10-04,NE,BUF,total,,60.5,0.19,0.2,0.19,126.0,125.0,KXNFLTOTAL-26OCT04NEBUF-61,2026-10-06T17:00:00Z
2026-09-30T15:41:13Z,2026,4,2026-10-04,NE,BUF,total,,57.5,0.25,0.26,0.21,201.0,201.0,KXNFLTOTAL-26OCT04NEBUF-58,2026-10-06T17:00:00Z
2026-09-30T15:41:13Z,2026,4,2026-10-04,NE,BUF,total,,54.5,0.33,0.34,0.32,261.37,247.0,KXNFLTOTAL-26OCT04NEBUF-55,2026-10-06T17:00:00Z
2026-09-30T15:41:13Z,2026,4,2026-10-04,NE,BUF,total,,51.5,0.4,0.42,0.38,1285.43,1260.43,KXNFLTOTAL-26OCT04NEBUF-52,2026-10-06T17:00:00Z
2026-09-30T15:41:13Z,2026,4,2026-10-04,NE,BUF,total,,50.5,0.43,0.45,0.41,2.0,2.0,KXNFLTOTAL-26OCT04NEBUF-51,2026-10-06T17:00:00Z
2026-09-30T15:41:13Z,2026,4,2026-10-04,NE,BUF,total,,49.5,0.46,0.47,0.46,635.37,534.87,KXNFLTOTAL-26OCT04NEBUF-50,2026-10-06T17:00:00Z
2026-09-30T15:41:13Z,2026,4,2026-10-04,NE,BUF,total,,48.5,0.49,0.5,0.5,8929.4,8687.83,KXNFLTOTAL-26OCT04NEBUF-49,2026-10-06T17:00:00Z
2026-09-30T15:41:13Z,2026,4,2026-10-04,NE,BUF,total,,47.5,0.53,0.54,0.53,18187.0,12526.0,KXNFLTOTAL-26OCT04NEBUF-48,2026-10-06T17:00:00Z
2026-09-30T15:41:13Z,2026,4,2026-10-04,NE,BUF,total,,46.5,0.57,0.59,0.56,3506.93,1904.33,KXNFLTOTAL-26OCT04NEBUF-47,2026-10-06T17:00:00Z
2026-09-30T15:41:13Z,2026,4,2026-10-04,NE,BUF,total,,45.5,0.59,0.61,0.61,216.11,166.11,KXNFLTOTAL-26OCT04NEBUF-46,2026-10-06T17:00:00Z
2026-09-30T15:41:13Z,2026,4,2026-10-04,NE,BUF,total,,42.5,0.68,0.69,0.69,36568.98,15266.98,KXNFLTOTAL-26OCT04NEBUF-43,2026-10-06T17:00:00Z
2026-09-30T15:41:13Z,2026,4,2026-10-04,NE,BUF,total,,39.5,0.75,0.77,0.76,30695.75,15127.75,KXNFLTOTAL-26OCT04NEBUF-40,2026-10-06T17:00:00Z
2026-09-30T15:41:13Z,2026,4,2026-10-04,NE,BUF,total,,36.5,0.82,0.83,0.83,4397.01,4267.01,KXNFLTOTAL-26OCT04NEBUF-37,2026-10-06T17:00:00Z
2026-09-30T15:41:13Z,2026,4,2026-10-04,NE,BUF,total,,33.5,0.87,0.88,0.88,20888.0,20804.0,KXNFLTOTAL-26OCT04NEBUF-34,2026-10-06T17:00:00Z
2026-09-30T15:41:13Z,2026,4,2026-10-04,NE,BUF,total,,30.5,0.92,0.93,0.92,26047.86,20344.86,KXNFLTOTAL-26OCT04NEBUF-31,2026-10-06T17:00:00Z
2026-09-30T15:41:13Z,2026,4,2026-10-04,NE,BUF,total,,27.5,0.95,0.97,0.97,4931.29,4805.05,KXNFLTOTAL-26OCT04NEBUF-28,2026-10-06T17:00:00Z
2026-09-30T15:41:13Z,2026,4,2026-10-04,NYJ,CHI,total,,63.5,0.05,0.06,0.06,1838.7,1838.7,KXNFLTOTAL-26OCT04NYJCHI-64,2026-10-06T17:00:00Z
2026-09-30T15:41:13Z,2026,4,2026-10-04,NYJ,CHI,total,,60.5,0.08,0.09,0.09,13038.86,12408.5,KXNFLTOTAL-26OCT04NYJCHI-61,2026-10-06T17:00:00Z
2026-09-30T15:41:13Z,2026,4,2026-10-04,NYJ,CHI,total,,57.5,0.11,0.12,0.12,80673.35,70734.24,KXNFLTOTAL-26OCT04NYJCHI-58,2026-10-06T17:00:00Z
2026-09-30T15:41:13Z,2026,4,2026-10-04,NYJ,CHI,total,,54.5,0.17,0.19,0.18,2963.68,1672.68,KXNFLTOTAL-26OCT04NYJCHI-55,2026-10-06T17:00:00Z
2026-09-30T15:41:13Z,2026,4,2026-10-04,NYJ,CHI,total,,51.5,0.23,0.24,0.23,7257.28,6803.54,KXNFLTOTAL-26OCT04NYJCHI-52,2026-10-06T17:00:00Z
2026-09-30T15:41:13Z,2026,4,2026-10-04,NYJ,CHI,total,,48.5,0.31,0.33,0.33,18526.83,18017.07,KXNFLTOTAL-26OCT04NYJCHI-49,2026-10-06T17:00:00Z
2026-09-30T15:41:13Z,2026,4,2026-10-04,NYJ,CHI,total,,45.5,0.4,0.41,0.43,762.08,685.08,KXNFLTOTAL-26OCT04NYJCHI-46,2026-10-06T17:00:00Z
2026-09-30T15:41:13Z,2026,4,2026-10-04,NYJ,CHI,total,,44.5,0.43,0.44,0.44,3737.74,2540.88,KXNFLTOTAL-26OCT04NYJCHI-45,2026-10-06T17:00:00Z
2026-09-30T15:41:13Z,2026,4,2026-10-04,NYJ,CHI,total,,43.5,0.48,0.49,0.49,11516.99,9566.42,KXNFLTOTAL-26OCT04NYJCHI-44,2026-10-06T17:00:00Z
2026-09-30T15:41:13Z,2026,4,2026-10-04,NYJ,CHI,total,,42.5,0.52,0.53,0.52,8796.75,5919.24,KXNFLTOTAL-26OCT04NYJCHI-43,2026-10-06T17:00:00Z
2026-09-30T15:41:13Z,2026,4,2026-10-04,NYJ,CHI,total,,41.5,0.54,0.55,0.53,13402.85,12890.98,KXNFLTOTAL-26OCT04NYJCHI-42,2026-10-06T17:00:00Z
2026-09-30T15:41:13Z,2026,4,2026-10-04,NYJ,CHI,total,,40.5,0.57,0.58,0.58,5268.0,3402.0,KXNFLTOTAL-26OCT04NYJCHI-41,2026-10-06T17:00:00Z
2026-09-30T15:41:13Z,2026,4,2026-10-04,NYJ,CHI,total,,39.5,0.59,0.61,0.6,3331.68,3331.68,KXNFLTOTAL-26OCT04NYJCHI-40,2026-10-06T17:00:00Z
2026-09-30T15:41:13Z,2026,4,2026-10-04,NYJ,CHI,total,,36.5,0.69,0.7,0.69,18703.25,10717.15,KXNFLTOTAL-26OCT04NYJCHI-37,2026-10-06T17:00:00Z
2026-09-30T15:41:13Z,2026,4,2026-10-04,NYJ,CHI,total,,33.5,0.76,0.77,0.77,77623.06,31879.62,KXNFLTOTAL-26OCT04NYJCHI-34,2026-10-06T17:00:00Z
2026-09-30T15:41:13Z,2026,4,2026-10-04,NYJ,CHI,total,,30.5,0.83,0.86,0.83,16729.38,1120.44,KXNFLTOTAL-26OCT04NYJCHI-31,2026-10-06T17:00:00Z
2026-09-30T15:41:13Z,2026,4,2026-10-04,NYJ,CHI,total,,27.5,0.89,0.9,0.89,7595.51,7055.59,KXNFLTOTAL-26OCT04NYJCHI-28,2026-10-06T17:00:00Z
2026-09-30T15:41:13Z,2026,4,2026-10-04,NYJ,CHI,total,,24.5,0.93,0.94,0.93,26919.0,23648.67,KXNFLTOTAL-26OCT04NYJCHI-25,2026-10-06T17:00:00Z
2026-09-30T15:41:13Z,2026,4,2026-10-04,NYJ,CHI,total,,21.5,0.96,0.98,0.96,454.48,314.24,KXNFLTOTAL-26OCT04NYJCHI-22,2026-10-06T17:00:00Z
2026-09-30T15:41:13Z,2026,4,2026-10-04,IND,WAS,total,,67.5,0.07,0.08,0.07,26534.55,12765.63,KXNFLTOTAL-26OCT04INDWAS-68,2026-10-06T13:30:00Z
2026-09-30T15:41:13Z,2026,4,2026-10-04,IND,WAS,total,,64.5,0.1,0.11,0.1,47175.12,36380.75,KXNFLTOTAL-26OCT04INDWAS-65,2026-10-06T13:30:00Z
2026-09-30T15:41:13Z,2026,4,2026-10-04,IND,WAS,total,,61.5,0.14,0.15,0.15,41772.11,14116.67,KXNFLTOTAL-26OCT04INDWAS-62,2026-10-06T13:30:00Z
2026-09-30T15:41:13Z,2026,4,2026-10-04,IND,WAS,total,,58.5,0.19,0.2,0.19,36355.55,3763.55,KXNFLTOTAL-26OCT04INDWAS-59,2026-10-06T13:30:00Z
2026-09-30T15:41:13Z,2026,4,2026-10-04,IND,WAS,total,,55.5,0.26,0.27,0.27,36609.0,15882.0,KXNFLTOTAL-26OCT04INDWAS-56,2026-10-06T13:30:00Z
2026-09-30T15:41:13Z,2026,4,2026-10-04,IND,WAS,total,,52.5,0.33,0.35,0.34,38571.92,4220.27,KXNFLTOTAL-26OCT04INDWAS-53,2026-10-06T13:30:00Z
2026-09-30T15:41:13Z,2026,4,2026-10-04,IND,WAS,total,,49.5,0.43,0.44,0.43,40433.04,15436.69,KXNFLTOTAL-26OCT04INDWAS-50,2026-10-06T13:30:00Z
2026-09-30T15:41:13Z,2026,4,2026-10-04,IND,WAS,total,,48.5,0.45,0.46,0.44,22742.78,22528.64,KXNFLTOTAL-26OCT04INDWAS-49,2026-10-06T13:30:00Z
2026-09-30T15:41:13Z,2026,4,2026-10-04,IND,WAS,total,,47.5,0.49,0.5,0.49,39309.43,15778.99,KXNFLTOTAL-26OCT04INDWAS-48,2026-10-06T13:30:00Z
2026-09-30T15:41:13Z,2026,4,2026-10-04,IND,WAS,total,,46.5,0.52,0.53,0.53,51386.46,11431.84,KXNFLTOTAL-26OCT04INDWAS-47,2026-10-06T13:30:00Z
2026-09-30T15:41:13Z,2026,4,2026-10-04,IND,WAS,total,,45.5,0.55,0.56,0.54,28712.57,28594.4,KXNFLTOTAL-26OCT04INDWAS-46,2026-10-06T13:30:00Z
2026-09-30T15:41:13Z,2026,4,2026-10-04,IND,WAS,total,,44.5,0.58,0.59,0.58,37932.32,11798.26,KXNFLTOTAL-26OCT04INDWAS-45,2026-10-06T13:30:00Z
2026-09-30T15:41:13Z,2026,4,2026-10-04,IND,WAS,total,,43.5,0.61,0.62,0.62,55858.4,24203.41,KXNFLTOTAL-26OCT04INDWAS-44,2026-10-06T13:30:00Z
2026-09-30T15:41:13Z,2026,4,2026-10-04,IND,WAS,total,,40.5,0.71,0.72,0.7,35493.51,30151.82,KXNFLTOTAL-26OCT04INDWAS-41,2026-10-06T13:30:00Z
2026-09-30T15:41:13Z,2026,4,2026-10-04,IND,WAS,total,,37.5,0.76,0.78,0.76,29673.9,22743.79,KXNFLTOTAL-26OCT04INDWAS-38,2026-10-06T13:30:00Z
2026-09-30T15:41:13Z,2026,4,2026-10-04,IND,WAS,total,,34.5,0.83,0.84,0.84,67316.04,8089.0,KXNFLTOTAL-26OCT04INDWAS-35,2026-10-06T13:30:00Z
2026-09-30T15:41:13Z,2026,4,2026-10-04,IND,WAS,total,,31.5,0.88,0.89,0.89,39666.48,25158.36,KXNFLTOTAL-26OCT04INDWAS-32,2026-10-06T13:30:00Z
2026-09-30T15:41:13Z,2026,4,2026-10-04,IND,WAS,total,,28.5,0.94,0.95,0.94,58657.41,27259.27,KXNFLTOTAL-26OCT04INDWAS-29,2026-10-06T13:30:00Z
2026-09-30T15:41:13Z,2026,4,2026-10-04,IND,WAS,total,,25.5,0.95,0.96,0.96,34998.01,31411.53,KXNFLTOTAL-26OCT04INDWAS-26,2026-10-06T13:30:00Z
2026-09-30T15:41:13Z,2026,4,2026-10-01,PIT,CLE,total,,59.5,0.04,0.06,0.05,2015.31,2005.01,KXNFLTOTAL-26OCT01PITCLE-60,2026-10-04T00:15:00Z
2026-09-30T15:41:13Z,2026,4,2026-10-01,PIT,CLE,total,,56.5,0.08,0.09,0.08,20145.5,20004.32,KXNFLTOTAL-26OCT01PITCLE-57,2026-10-04T00:15:00Z
2026-09-30T15:41:13Z,2026,4,2026-10-01,PIT,CLE,total,,53.5,0.12,0.13,0.12,3047.02,2949.2,KXNFLTOTAL-26OCT01PITCLE-54,2026-10-04T00:15:00Z
2026-09-30T15:41:13Z,2026,4,2026-10-01,PIT,CLE,total,,50.5,0.16,0.18,0.18,2836.6,2699.59,KXNFLTOTAL-26OCT01PITCLE-51,2026-10-04T00:15:00Z
2026-09-30T15:41:13Z,2026,4,2026-10-01,PIT,CLE,total,,47.5,0.22,0.23,0.23,443.88,394.18,KXNFLTOTAL-26OCT01PITCLE-48,2026-10-04T00:15:00Z
2026-09-30T15:41:13Z,2026,4,2026-10-01,PIT,CLE,total,,44.5,0.3,0.31,0.3,284.24,252.7,KXNFLTOTAL-26OCT01PITCLE-45,2026-10-04T00:15:00Z
2026-09-30T15:41:13Z,2026,4,2026-10-01,PIT,CLE,total,,41.5,0.39,0.4,0.39,2231.0,1651.77,KXNFLTOTAL-26OCT01PITCLE-42,2026-10-04T00:15:00Z
2026-09-30T15:41:13Z,2026,4,2026-10-01,PIT,CLE,total,,40.5,0.43,0.44,0.44,990.92,909.18,KXNFLTOTAL-26OCT01PITCLE-41,2026-10-04T00:15:00Z
2026-09-30T15:41:13Z,2026,4,2026-10-01,PIT,CLE,total,,39.5,0.46,0.47,0.46,2024.23,2000.65,KXNFLTOTAL-26OCT01PITCLE-40,2026-10-04T00:15:00Z
2026-09-30T15:41:13Z,2026,4,2026-10-01,PIT,CLE,total,,38.5,0.49,0.5,0.49,44310.86,41492.91,KXNFLTOTAL-26OCT01PITCLE-39,2026-10-04T00:15:00Z
2026-09-30T15:41:13Z,2026,4,2026-10-01,PIT,CLE,total,,37.5,0.52,0.53,0.53,4642.66,3214.26,KXNFLTOTAL-26OCT01PITCLE-38,2026-10-04T00:15:00Z
2026-09-30T15:41:13Z,2026,4,2026-10-01,PIT,CLE,total,,36.5,0.56,0.57,0.57,489.19,461.39,KXNFLTOTAL-26OCT01PITCLE-37,2026-10-04T00:15:00Z
2026-09-30T15:41:13Z,2026,4,2026-10-01,PIT,CLE,total,,35.5,0.6,0.61,0.61,1154.31,532.91,KXNFLTOTAL-26OCT01PITCLE-36,2026-10-04T00:15:00Z
2026-09-30T15:41:13Z,2026,4,2026-10-01,PIT,CLE,total,,32.5,0.68,0.7,0.7,980.7,909.68,KXNFLTOTAL-26OCT01PITCLE-33,2026-10-04T00:15:00Z
2026-09-30T15:41:13Z,2026,4,2026-10-01,PIT,CLE,total,,29.5,0.75,0.76,0.77,4244.42,4200.6,KXNFLTOTAL-26OCT01PITCLE-30,2026-10-04T00:15:00Z
2026-09-30T15:41:13Z,2026,4,2026-10-01,PIT,CLE,total,,26.5,0.84,0.85,0.85,4842.18,4722.61,KXNFLTOTAL-26OCT01PITCLE-27,2026-10-04T00:15:00Z
2026-09-30T15:41:13Z,2026,4,2026-10-01,PIT,CLE,total,,23.5,0.9,0.91,0.91,30471.47,28116.41,KXNFLTOTAL-26OCT01PITCLE-24,2026-10-04T00:15:00Z
2026-09-30T15:41:13Z,2026,4,2026-10-01,PIT,CLE,total,,20.5,0.93,0.94,0.94,20811.95,9052.64,KXNFLTOTAL-26OCT01PITCLE-21,2026-10-04T00:15:00Z
2026-09-30T15:41:13Z,2026,4,2026-10-01,PIT,CLE,total,,17.5,0.95,0.96,0.95,46348.24,41359.81,KXNFLTOTAL-26OCT01PITCLE-18,2026-10-04T00:15:00Z
