fetched_at,season,week,gameday,away,home,kind,team,strike,yes_bid,yes_ask,last,volume,open_interest,ticker,close_time
2026-09-29T22:53:24Z,2026,4,2026-10-05,ATL,NO,win,NO,,0.58,0.59,0.59,24837.87,22029.92,KXNFLGAME-26OCT05ATLNO-NO,2026-10-08T00:15:00Z
2026-09-29T22:53:24Z,2026,4,2026-10-05,ATL,NO,win,ATL,,0.42,0.43,0.43,72074.12,56980.84,KXNFLGAME-26OCT05ATLNO-ATL,2026-10-08T00:15:00Z
2026-09-29T22:53:24Z,2026,4,2026-10-04,DET,CAR,win,DET,,0.64,0.65,0.65,21401.7,20062.67,KXNFLGAME-26OCT04DETCAR-DET,2026-10-07T00:20:00Z
2026-09-29T22:53:24Z,2026,4,2026-10-04,DET,CAR,win,CAR,,0.35,0.36,0.36,18878.06,15694.46,KXNFLGAME-26OCT04DETCAR-CAR,2026-10-07T00:20:00Z
2026-09-29T22:53:24Z,2026,4,2026-10-04,DEN,SF,win,SF,,0.58,0.59,0.58,113894.88,99438.15,KXNFLGAME-26OCT04DENSF-SF,2026-10-06T20:25:00Z
2026-09-29T22:53:24Z,2026,4,2026-10-04,DEN,SF,win,DEN,,0.42,0.43,0.43,73065.21,53625.0,KXNFLGAME-26OCT04DENSF-DEN,2026-10-06T20:25:00Z
2026-09-29T22:53:24Z,2026,4,2026-10-04,LAC,SEA,win,SEA,,0.74,0.75,0.75,21514.79,18558.76,KXNFLGAME-26OCT04LACSEA-SEA,2026-10-06T20:25:00Z
2026-09-29T22:53:24Z,2026,4,2026-10-04,LAC,SEA,win,LAC,,0.26,0.27,0.27,32134.3,30399.37,KXNFLGAME-26OCT04LACSEA-LAC,2026-10-06T20:25:00Z
2026-09-29T22:53:24Z,2026,4,2026-10-04,KC,LV,win,LV,,0.35,0.36,0.36,509835.79,455146.33,KXNFLGAME-26OCT04KCLV-LV,2026-10-06T20:25:00Z
2026-09-29T22:53:24Z,2026,4,2026-10-04,KC,LV,win,KC,,0.65,0.66,0.66,233223.01,170983.09,KXNFLGAME-26OCT04KCLV-KC,2026-10-06T20:25:00Z
2026-09-29T22:53:24Z,2026,4,2026-10-04,MIA,MIN,win,MIN,,0.83,0.84,0.84,46606.01,37140.87,KXNFLGAME-26OCT04MIAMIN-MIN,2026-10-06T20:05:00Z
2026-09-29T22:53:24Z,2026,4,2026-10-04,MIA,MIN,win,MIA,,0.16,0.17,0.17,68074.62,60115.42,KXNFLGAME-26OCT04MIAMIN-MIA,2026-10-06T20:05:00Z
2026-09-29T22:53:24Z,2026,4,2026-10-04,JAX,CIN,win,JAX,,0.43,0.44,0.44,34869.91,32316.79,KXNFLGAME-26OCT04JACCIN-JAC,2026-10-06T17:00:00Z
2026-09-29T22:53:24Z,2026,4,2026-10-04,JAX,CIN,win,CIN,,0.56,0.57,0.57,29026.34,26797.95,KXNFLGAME-26OCT04JACCIN-CIN,2026-10-06T17:00:00Z
2026-09-29T22:53:24Z,2026,4,2026-10-04,TEN,BAL,win,TEN,,0.14,0.15,0.15,94339.16,78383.63,KXNFLGAME-26OCT04TENBAL-TEN,2026-10-06T17:00:00Z
2026-09-29T22:53:24Z,2026,4,2026-10-04,TEN,BAL,win,BAL,,0.85,0.86,0.86,78995.39,61476.82,KXNFLGAME-26OCT04TENBAL-BAL,2026-10-06T17:00:00Z
2026-09-29T22:53:24Z,2026,4,2026-10-04,GB,TB,win,TB,,0.35,0.36,0.36,72993.07,53043.02,KXNFLGAME-26OCT04GBTB-TB,2026-10-06T17:00:00Z
2026-09-29T22:53:24Z,2026,4,2026-10-04,GB,TB,win,GB,,0.64,0.65,0.65,104471.09,87026.25,KXNFLGAME-26OCT04GBTB-GB,2026-10-06T17:00:00Z
2026-09-29T22:53:24Z,2026,4,2026-10-04,LAR,PHI,win,PHI,,0.4,0.41,0.41,77276.52,48370.42,KXNFLGAME-26OCT04LARPHI-PHI,2026-10-06T17:00:00Z
2026-09-29T22:53:24Z,2026,4,2026-10-04,LAR,PHI,win,LAR,,0.6,0.61,0.61,72650.99,59902.44,KXNFLGAME-26OCT04LARPHI-LAR,2026-10-06T17:00:00Z
2026-09-29T22:53:24Z,2026,4,2026-10-04,DAL,HOU,win,HOU,,0.56,0.57,0.56,34036.59,28936.78,KXNFLGAME-26OCT04DALHOU-HOU,2026-10-06T17:00:00Z
2026-09-29T22:53:24Z,2026,4,2026-10-04,DAL,HOU,win,DAL,,0.43,0.44,0.44,172172.93,141853.25,KXNFLGAME-26OCT04DALHOU-DAL,2026-10-06T17:00:00Z
2026-09-29T22:53:24Z,2026,4,2026-10-04,NYJ,CHI,win,NYJ,,0.38,0.39,0.39,18467.77,14126.19,KXNFLGAME-26OCT04NYJCHI-NYJ,2026-10-06T17:00:00Z
2026-09-29T22:53:24Z,2026,4,2026-10-04,NYJ,CHI,win,CHI,,0.61,0.63,0.63,26331.98,23207.9,KXNFLGAME-26OCT04NYJCHI-CHI,2026-10-06T17:00:00Z
2026-09-29T22:53:24Z,2026,4,2026-10-04,NE,BUF,win,NE,,0.27,0.28,0.28,46639.59,37430.23,KXNFLGAME-26OCT04NEBUF-NE,2026-10-06T17:00:00Z
2026-09-29T22:53:24Z,2026,4,2026-10-04,NE,BUF,win,BUF,,0.73,0.74,0.74,51691.0,40963.3,KXNFLGAME-26OCT04NEBUF-BUF,2026-10-06T17:00:00Z
2026-09-29T22:53:24Z,2026,4,2026-10-04,ARI,NYG,win,NYG,,0.46,0.47,0.47,32468.6,29198.83,KXNFLGAME-26OCT04ARINYG-NYG,2026-10-06T17:00:00Z
2026-09-29T22:53:24Z,2026,4,2026-10-04,ARI,NYG,win,ARI,,0.53,0.54,0.54,69750.82,64241.5,KXNFLGAME-26OCT04ARINYG-ARI,2026-10-06T17:00:00Z
2026-09-29T22:53:24Z,2026,4,2026-10-04,IND,WAS,win,WAS,,0.35,0.36,0.36,49838.9,43349.48,KXNFLGAME-26OCT04INDWAS-WAS,2026-10-06T13:30:00Z
2026-09-29T22:53:24Z,2026,4,2026-10-04,IND,WAS,win,IND,,0.64,0.65,0.65,27677.97,22332.07,KXNFLGAME-26OCT04INDWAS-IND,2026-10-06T13:30:00Z
2026-09-29T22:53:24Z,2026,4,2026-10-01,PIT,CLE,win,PIT,,0.57,0.58,0.58,199461.25,164931.18,KXNFLGAME-26OCT01PITCLE-PIT,2026-10-04T00:15:00Z
2026-09-29T22:53:24Z,2026,4,2026-10-01,PIT,CLE,win,CLE,,0.42,0.43,0.43,145986.75,129748.45,KXNFLGAME-26OCT01PITCLE-CLE,2026-10-04T00:15:00Z
2026-09-29T22:53:24Z,2026,4,2026-10-05,ATL,NO,spread,NO,7.5,0.29,0.3,0.0,0.0,0.0,KXNFLSPREAD-26OCT05ATLNO-NO8,2026-10-08T00:15:00Z
2026-09-29T22:53:24Z,2026,4,2026-10-05,ATL,NO,spread,NO,6.5,0.35,0.36,0.36,18.61,18.61,KXNFLSPREAD-26OCT05ATLNO-NO7,2026-10-08T00:15:00Z
2026-09-29T22:53:24Z,2026,4,2026-10-05,ATL,NO,spread,NO,5.5,0.38,0.39,0.0,0.0,0.0,KXNFLSPREAD-26OCT05ATLNO-NO6,2026-10-08T00:15:00Z
2026-09-29T22:53:24Z,2026,4,2026-10-05,ATL,NO,spread,NO,4.5,0.4,0.42,0.41,11.0,11.0,KXNFLSPREAD-26OCT05ATLNO-NO5,2026-10-08T00:15:00Z
2026-09-29T22:53:24Z,2026,4,2026-10-05,ATL,NO,spread,NO,3.5,0.43,0.45,0.43,1178.28,1178.28,KXNFLSPREAD-26OCT05ATLNO-NO4,2026-10-08T00:15:00Z
2026-09-29T22:53:24Z,2026,4,2026-10-05,ATL,NO,spread,NO,2.5,0.51,0.53,0.51,1359.93,1269.53,KXNFLSPREAD-26OCT05ATLNO-NO3,2026-10-08T00:15:00Z
2026-09-29T22:53:24Z,2026,4,2026-10-05,ATL,NO,spread,NO,20.5,0.08,0.09,0.0,0.0,0.0,KXNFLSPREAD-26OCT05ATLNO-NO21,2026-10-08T00:15:00Z
2026-09-29T22:53:24Z,2026,4,2026-10-05,ATL,NO,spread,NO,1.5,0.54,0.56,0.54,30.0,30.0,KXNFLSPREAD-26OCT05ATLNO-NO2,2026-10-08T00:15:00Z
2026-09-29T22:53:24Z,2026,4,2026-10-05,ATL,NO,spread,NO,17.5,0.11,0.12,0.0,0.0,0.0,KXNFLSPREAD-26OCT05ATLNO-NO18,2026-10-08T00:15:00Z
2026-09-29T22:53:24Z,2026,4,2026-10-05,ATL,NO,spread,NO,16.5,0.13,0.15,0.0,0.0,0.0,KXNFLSPREAD-26OCT05ATLNO-NO17,2026-10-08T00:15:00Z
2026-09-29T22:53:24Z,2026,4,2026-10-05,ATL,NO,spread,NO,14.5,0.15,0.17,0.0,0.0,0.0,KXNFLSPREAD-26OCT05ATLNO-NO15,2026-10-08T00:15:00Z
2026-09-29T22:53:24Z,2026,4,2026-10-05,ATL,NO,spread,NO,13.5,0.17,0.18,0.18,118.71,118.71,KXNFLSPREAD-26OCT05ATLNO-NO14,2026-10-08T00:15:00Z
2026-09-29T22:53:24Z,2026,4,2026-10-05,ATL,NO,spread,NO,10.5,0.22,0.23,0.0,0.0,0.0,KXNFLSPREAD-26OCT05ATLNO-NO11,2026-10-08T00:15:00Z
2026-09-29T22:53:24Z,2026,4,2026-10-05,ATL,NO,spread,NO,9.5,0.25,0.26,0.0,0.0,0.0,KXNFLSPREAD-26OCT05ATLNO-NO10,2026-10-08T00:15:00Z
2026-09-29T22:53:24Z,2026,4,2026-10-05,ATL,NO,spread,ATL,7.5,0.17,0.19,0.17,23.0,23.0,KXNFLSPREAD-26OCT05ATLNO-ATL8,2026-10-08T00:15:00Z
2026-09-29T22:53:24Z,2026,4,2026-10-05,ATL,NO,spread,ATL,6.5,0.22,0.23,0.23,39.68,39.68,KXNFLSPREAD-26OCT05ATLNO-ATL7,2026-10-08T00:15:00Z
2026-09-29T22:53:24Z,2026,4,2026-10-05,ATL,NO,spread,ATL,5.5,0.24,0.26,0.0,0.0,0.0,KXNFLSPREAD-26OCT05ATLNO-ATL6,2026-10-08T00:15:00Z
2026-09-29T22:53:24Z,2026,4,2026-10-05,ATL,NO,spread,ATL,4.5,0.26,0.28,0.0,0.0,0.0,KXNFLSPREAD-26OCT05ATLNO-ATL5,2026-10-08T00:15:00Z
2026-09-29T22:53:24Z,2026,4,2026-10-05,ATL,NO,spread,ATL,3.5,0.3,0.31,0.0,0.0,0.0,KXNFLSPREAD-26OCT05ATLNO-ATL4,2026-10-08T00:15:00Z
2026-09-29T22:53:24Z,2026,4,2026-10-05,ATL,NO,spread,ATL,2.5,0.35,0.38,0.0,0.0,0.0,KXNFLSPREAD-26OCT05ATLNO-ATL3,2026-10-08T00:15:00Z
2026-09-29T22:53:24Z,2026,4,2026-10-05,ATL,NO,spread,ATL,1.5,0.38,0.4,0.4,6.51,6.51,KXNFLSPREAD-26OCT05ATLNO-ATL2,2026-10-08T00:15:00Z
2026-09-29T22:53:24Z,2026,4,2026-10-05,ATL,NO,spread,ATL,14.5,0.07,0.1,0.0,0.0,0.0,KXNFLSPREAD-26OCT05ATLNO-ATL15,2026-10-08T00:15:00Z
2026-09-29T22:53:24Z,2026,4,2026-10-05,ATL,NO,spread,ATL,13.5,0.09,0.11,0.0,0.0,0.0,KXNFLSPREAD-26OCT05ATLNO-ATL14,2026-10-08T00:15:00Z
2026-09-29T22:53:24Z,2026,4,2026-10-05,ATL,NO,spread,ATL,10.5,0.12,0.14,0.0,0.0,0.0,KXNFLSPREAD-26OCT05ATLNO-ATL11,2026-10-08T00:15:00Z
2026-09-29T22:53:24Z,2026,4,2026-10-05,ATL,NO,spread,ATL,9.5,0.14,0.16,0.16,7.0,7.0,KXNFLSPREAD-26OCT05ATLNO-ATL10,2026-10-08T00:15:00Z
2026-09-29T22:53:24Z,2026,4,2026-10-04,DEN,SF,spread,SF,7.5,0.28,0.3,0.28,5525.77,5419.0,KXNFLSPREAD-26OCT04DENSF-SF8,2026-10-06T20:25:00Z
2026-09-29T22:53:24Z,2026,4,2026-10-04,DEN,SF,spread,SF,6.5,0.34,0.36,0.36,2555.25,2264.25,KXNFLSPREAD-26OCT04DENSF-SF7,2026-10-06T20:25:00Z
2026-09-29T22:53:24Z,2026,4,2026-10-04,DEN,SF,spread,SF,5.5,0.38,0.39,0.38,1241.92,967.83,KXNFLSPREAD-26OCT04DENSF-SF6,2026-10-06T20:25:00Z
2026-09-29T22:53:24Z,2026,4,2026-10-04,DEN,SF,spread,SF,4.5,0.4,0.41,0.41,3773.93,3688.8,KXNFLSPREAD-26OCT04DENSF-SF5,2026-10-06T20:25:00Z
2026-09-29T22:53:24Z,2026,4,2026-10-04,DEN,SF,spread,SF,3.5,0.42,0.43,0.42,1616.84,1341.54,KXNFLSPREAD-26OCT04DENSF-SF4,2026-10-06T20:25:00Z
2026-09-29T22:53:24Z,2026,4,2026-10-04,DEN,SF,spread,SF,2.5,0.51,0.52,0.51,29410.53,27649.04,KXNFLSPREAD-26OCT04DENSF-SF3,2026-10-06T20:25:00Z
2026-09-29T22:53:24Z,2026,4,2026-10-04,DEN,SF,spread,SF,20.5,0.06,0.08,0.07,2.13,2.13,KXNFLSPREAD-26OCT04DENSF-SF21,2026-10-06T20:25:00Z
2026-09-29T22:53:24Z,2026,4,2026-10-04,DEN,SF,spread,SF,1.5,0.55,0.57,0.55,595.32,511.06,KXNFLSPREAD-26OCT04DENSF-SF2,2026-10-06T20:25:00Z
2026-09-29T22:53:24Z,2026,4,2026-10-04,DEN,SF,spread,SF,17.5,0.1,0.12,0.12,584.49,584.49,KXNFLSPREAD-26OCT04DENSF-SF18,2026-10-06T20:25:00Z
2026-09-29T22:53:24Z,2026,4,2026-10-04,DEN,SF,spread,SF,16.5,0.11,0.13,0.13,63.0,3.0,KXNFLSPREAD-26OCT04DENSF-SF17,2026-10-06T20:25:00Z
2026-09-29T22:53:24Z,2026,4,2026-10-04,DEN,SF,spread,SF,14.5,0.14,0.16,0.15,1999.71,1442.0,KXNFLSPREAD-26OCT04DENSF-SF15,2026-10-06T20:25:00Z
2026-09-29T22:53:24Z,2026,4,2026-10-04,DEN,SF,spread,SF,13.5,0.16,0.18,0.17,353.59,218.59,KXNFLSPREAD-26OCT04DENSF-SF14,2026-10-06T20:25:00Z
2026-09-29T22:53:24Z,2026,4,2026-10-04,DEN,SF,spread,SF,10.5,0.2,0.21,0.21,6918.92,6436.42,KXNFLSPREAD-26OCT04DENSF-SF11,2026-10-06T20:25:00Z
2026-09-29T22:53:24Z,2026,4,2026-10-04,DEN,SF,spread,SF,9.5,0.24,0.25,0.23,7252.95,7249.0,KXNFLSPREAD-26OCT04DENSF-SF10,2026-10-06T20:25:00Z
2026-09-29T22:53:24Z,2026,4,2026-10-04,DEN,SF,spread,DEN,7.5,0.17,0.18,0.19,128.96,112.96,KXNFLSPREAD-26OCT04DENSF-DEN8,2026-10-06T20:25:00Z
2026-09-29T22:53:24Z,2026,4,2026-10-04,DEN,SF,spread,DEN,6.5,0.19,0.21,0.22,491.81,463.19,KXNFLSPREAD-26OCT04DENSF-DEN7,2026-10-06T20:25:00Z
2026-09-29T22:53:24Z,2026,4,2026-10-04,DEN,SF,spread,DEN,5.5,0.23,0.25,0.22,2523.0,2500.0,KXNFLSPREAD-26OCT04DENSF-DEN6,2026-10-06T20:25:00Z
2026-09-29T22:53:24Z,2026,4,2026-10-04,DEN,SF,spread,DEN,4.5,0.25,0.26,0.26,5446.52,2938.52,KXNFLSPREAD-26OCT04DENSF-DEN5,2026-10-06T20:25:00Z
2026-09-29T22:53:24Z,2026,4,2026-10-04,DEN,SF,spread,DEN,3.5,0.29,0.3,0.3,3718.07,3716.07,KXNFLSPREAD-26OCT04DENSF-DEN4,2026-10-06T20:25:00Z
2026-09-29T22:53:24Z,2026,4,2026-10-04,DEN,SF,spread,DEN,2.5,0.36,0.37,0.37,919.86,633.0,KXNFLSPREAD-26OCT04DENSF-DEN3,2026-10-06T20:25:00Z
2026-09-29T22:53:24Z,2026,4,2026-10-04,DEN,SF,spread,DEN,1.5,0.39,0.4,0.4,212.75,126.75,KXNFLSPREAD-26OCT04DENSF-DEN2,2026-10-06T20:25:00Z
2026-09-29T22:53:24Z,2026,4,2026-10-04,DEN,SF,spread,DEN,14.5,0.06,0.08,0.07,105.18,105.18,KXNFLSPREAD-26OCT04DENSF-DEN15,2026-10-06T20:25:00Z
2026-09-29T22:53:24Z,2026,4,2026-10-04,DEN,SF,spread,DEN,13.5,0.08,0.1,0.09,51.0,51.0,KXNFLSPREAD-26OCT04DENSF-DEN14,2026-10-06T20:25:00Z
2026-09-29T22:53:24Z,2026,4,2026-10-04,DEN,SF,spread,DEN,10.5,0.11,0.13,0.13,12.0,5.0,KXNFLSPREAD-26OCT04DENSF-DEN11,2026-10-06T20:25:00Z
2026-09-29T22:53:24Z,2026,4,2026-10-04,DEN,SF,spread,DEN,9.5,0.13,0.15,0.13,32.0,32.0,KXNFLSPREAD-26OCT04DENSF-DEN10,2026-10-06T20:25:00Z
2026-09-29T22:53:24Z,2026,4,2026-10-04,DET,CAR,spread,DET,7.5,0.35,0.36,0.36,2100.0,2100.0,KXNFLSPREAD-26OCT04DETCAR-DET8,2026-10-07T00:20:00Z
2026-09-29T22:53:24Z,2026,4,2026-10-04,DET,CAR,spread,DET,6.5,0.41,0.42,0.41,671.0,665.0,KXNFLSPREAD-26OCT04DETCAR-DET7,2026-10-07T00:20:00Z
2026-09-29T22:53:24Z,2026,4,2026-10-04,DET,CAR,spread,DET,5.5,0.44,0.45,0.44,410.6,367.94,KXNFLSPREAD-26OCT04DETCAR-DET6,2026-10-07T00:20:00Z
2026-09-29T22:53:24Z,2026,4,2026-10-04,DET,CAR,spread,DET,4.5,0.46,0.48,0.46,688.0,665.0,KXNFLSPREAD-26OCT04DETCAR-DET5,2026-10-07T00:20:00Z
2026-09-29T22:53:24Z,2026,4,2026-10-04,DET,CAR,spread,DET,3.5,0.5,0.51,0.5,16363.38,14651.54,KXNFLSPREAD-26OCT04DETCAR-DET4,2026-10-07T00:20:00Z
2026-09-29T22:53:24Z,2026,4,2026-10-04,DET,CAR,spread,DET,2.5,0.59,0.6,0.59,6286.03,5000.59,KXNFLSPREAD-26OCT04DETCAR-DET3,2026-10-07T00:20:00Z
2026-09-29T22:53:24Z,2026,4,2026-10-04,DET,CAR,spread,DET,20.5,0.11,0.12,0.0,0.0,0.0,KXNFLSPREAD-26OCT04DETCAR-DET21,2026-10-07T00:20:00Z
2026-09-29T22:53:24Z,2026,4,2026-10-04,DET,CAR,spread,DET,1.5,0.6,0.62,0.6,26.1,26.1,KXNFLSPREAD-26OCT04DETCAR-DET2,2026-10-07T00:20:00Z
2026-09-29T22:53:24Z,2026,4,2026-10-04,DET,CAR,spread,DET,17.5,0.16,0.17,0.11,1.0,1.0,KXNFLSPREAD-26OCT04DETCAR-DET18,2026-10-07T00:20:00Z
2026-09-29T22:53:24Z,2026,4,2026-10-04,DET,CAR,spread,DET,16.5,0.17,0.18,0.18,7010.73,5560.73,KXNFLSPREAD-26OCT04DETCAR-DET17,2026-10-07T00:20:00Z
2026-09-29T22:53:24Z,2026,4,2026-10-04,DET,CAR,spread,DET,14.5,0.2,0.21,0.22,2540.46,2500.0,KXNFLSPREAD-26OCT04DETCAR-DET15,2026-10-07T00:20:00Z
2026-09-29T22:53:24Z,2026,4,2026-10-04,DET,CAR,spread,DET,13.5,0.22,0.23,0.23,738.54,738.54,KXNFLSPREAD-26OCT04DETCAR-DET14,2026-10-07T00:20:00Z
2026-09-29T22:53:24Z,2026,4,2026-10-04,DET,CAR,spread,DET,10.5,0.28,0.29,0.29,2.0,2.0,KXNFLSPREAD-26OCT04DETCAR-DET11,2026-10-07T00:20:00Z
2026-09-29T22:53:24Z,2026,4,2026-10-04,DET,CAR,spread,DET,9.5,0.31,0.32,0.0,0.0,0.0,KXNFLSPREAD-26OCT04DETCAR-DET10,2026-10-07T00:20:00Z
2026-09-29T22:53:24Z,2026,4,2026-10-04,DET,CAR,spread,CAR,7.5,0.14,0.15,0.16,5266.0,3095.0,KXNFLSPREAD-26OCT04DETCAR-CAR8,2026-10-07T00:20:00Z
2026-09-29T22:53:24Z,2026,4,2026-10-04,DET,CAR,spread,CAR,6.5,0.18,0.19,0.19,7109.53,4484.67,KXNFLSPREAD-26OCT04DETCAR-CAR7,2026-10-07T00:20:00Z
2026-09-29T22:53:24Z,2026,4,2026-10-04,DET,CAR,spread,CAR,5.5,0.2,0.21,0.21,4485.58,4395.58,KXNFLSPREAD-26OCT04DETCAR-CAR6,2026-10-07T00:20:00Z
2026-09-29T22:53:24Z,2026,4,2026-10-04,DET,CAR,spread,CAR,4.5,0.21,0.22,0.23,886.0,736.0,KXNFLSPREAD-26OCT04DETCAR-CAR5,2026-10-07T00:20:00Z
2026-09-29T22:53:24Z,2026,4,2026-10-04,DET,CAR,spread,CAR,3.5,0.23,0.24,0.24,23295.68,23292.68,KXNFLSPREAD-26OCT04DETCAR-CAR4,2026-10-07T00:20:00Z
2026-09-29T22:53:24Z,2026,4,2026-10-04,DET,CAR,spread,CAR,2.5,0.31,0.33,0.32,424.0,424.0,KXNFLSPREAD-26OCT04DETCAR-CAR3,2026-10-07T00:20:00Z
2026-09-29T22:53:24Z,2026,4,2026-10-04,DET,CAR,spread,CAR,1.5,0.33,0.34,0.34,1510.4,1410.4,KXNFLSPREAD-26OCT04DETCAR-CAR2,2026-10-07T00:20:00Z
2026-09-29T22:53:24Z,2026,4,2026-10-04,DET,CAR,spread,CAR,14.5,0.07,0.08,0.07,365.0,365.0,KXNFLSPREAD-26OCT04DETCAR-CAR15,2026-10-07T00:20:00Z
2026-09-29T22:53:24Z,2026,4,2026-10-04,DET,CAR,spread,CAR,13.5,0.07,0.09,0.09,85.0,85.0,KXNFLSPREAD-26OCT04DETCAR-CAR14,2026-10-07T00:20:00Z
2026-09-29T22:53:24Z,2026,4,2026-10-04,DET,CAR,spread,CAR,10.5,0.1,0.11,0.12,2576.0,2576.0,KXNFLSPREAD-26OCT04DETCAR-CAR11,2026-10-07T00:20:00Z
2026-09-29T22:53:24Z,2026,4,2026-10-04,DET,CAR,spread,CAR,9.5,0.12,0.13,0.14,3039.5,2525.0,KXNFLSPREAD-26OCT04DETCAR-CAR10,2026-10-07T00:20:00Z
2026-09-29T22:53:24Z,2026,4,2026-10-04,KC,LV,spread,LV,7.5,0.13,0.15,0.14,44.47,28.0,KXNFLSPREAD-26OCT04KCLV-LV8,2026-10-06T20:25:00Z
2026-09-29T22:53:24Z,2026,4,2026-10-04,KC,LV,spread,LV,6.5,0.16,0.17,0.17,2080.21,1934.68,KXNFLSPREAD-26OCT04KCLV-LV7,2026-10-06T20:25:00Z
2026-09-29T22:53:24Z,2026,4,2026-10-04,KC,LV,spread,LV,5.5,0.18,0.2,0.2,414.68,339.68,KXNFLSPREAD-26OCT04KCLV-LV6,2026-10-06T20:25:00Z
2026-09-29T22:53:24Z,2026,4,2026-10-04,KC,LV,spread,LV,4.5,0.19,0.2,0.21,933.03,807.03,KXNFLSPREAD-26OCT04KCLV-LV5,2026-10-06T20:25:00Z
2026-09-29T22:53:24Z,2026,4,2026-10-04,KC,LV,spread,LV,3.5,0.21,0.23,0.22,4423.32,4153.46,KXNFLSPREAD-26OCT04KCLV-LV4,2026-10-06T20:25:00Z
2026-09-29T22:53:24Z,2026,4,2026-10-04,KC,LV,spread,LV,2.5,0.3,0.31,0.31,3173.28,3119.28,KXNFLSPREAD-26OCT04KCLV-LV3,2026-10-06T20:25:00Z
2026-09-29T22:53:24Z,2026,4,2026-10-04,KC,LV,spread,LV,1.5,0.3,0.32,0.31,620.61,456.54,KXNFLSPREAD-26OCT04KCLV-LV2,2026-10-06T20:25:00Z
2026-09-29T22:53:24Z,2026,4,2026-10-04,KC,LV,spread,LV,14.5,0.05,0.06,0.05,1246.21,362.27,KXNFLSPREAD-26OCT04KCLV-LV15,2026-10-06T20:25:00Z
2026-09-29T22:53:24Z,2026,4,2026-10-04,KC,LV,spread,LV,13.5,0.06,0.08,0.08,282.96,116.12,KXNFLSPREAD-26OCT04KCLV-LV14,2026-10-06T20:25:00Z
2026-09-29T22:53:24Z,2026,4,2026-10-04,KC,LV,spread,LV,10.5,0.08,0.1,0.1,538.0,538.0,KXNFLSPREAD-26OCT04KCLV-LV11,2026-10-06T20:25:00Z
2026-09-29T22:53:24Z,2026,4,2026-10-04,KC,LV,spread,LV,9.5,0.1,0.12,0.12,310.37,310.37,KXNFLSPREAD-26OCT04KCLV-LV10,2026-10-06T20:25:00Z
2026-09-29T22:53:24Z,2026,4,2026-10-04,KC,LV,spread,KC,7.5,0.37,0.39,0.37,615.91,454.54,KXNFLSPREAD-26OCT04KCLV-KC8,2026-10-06T20:25:00Z
2026-09-29T22:53:24Z,2026,4,2026-10-04,KC,LV,spread,KC,6.5,0.42,0.43,0.44,10470.36,7141.93,KXNFLSPREAD-26OCT04KCLV-KC7,2026-10-06T20:25:00Z
2026-09-29T22:53:24Z,2026,4,2026-10-04,KC,LV,spread,KC,5.5,0.46,0.47,0.46,1698.46,1264.39,KXNFLSPREAD-26OCT04KCLV-KC6,2026-10-06T20:25:00Z
2026-09-29T22:53:24Z,2026,4,2026-10-04,KC,LV,spread,KC,4.5,0.48,0.49,0.48,29945.06,21861.77,KXNFLSPREAD-26OCT04KCLV-KC5,2026-10-06T20:25:00Z
2026-09-29T22:53:24Z,2026,4,2026-10-04,KC,LV,spread,KC,3.5,0.52,0.53,0.53,2215.0,1877.55,KXNFLSPREAD-26OCT04KCLV-KC4,2026-10-06T20:25:00Z
2026-09-29T22:53:24Z,2026,4,2026-10-04,KC,LV,spread,KC,2.5,0.59,0.61,0.59,429.97,386.68,KXNFLSPREAD-26OCT04KCLV-KC3,2026-10-06T20:25:00Z
2026-09-29T22:53:24Z,2026,4,2026-10-04,KC,LV,spread,KC,20.5,0.11,0.13,0.1,307.92,260.92,KXNFLSPREAD-26OCT04KCLV-KC21,2026-10-06T20:25:00Z
2026-09-29T22:53:24Z,2026,4,2026-10-04,KC,LV,spread,KC,1.5,0.63,0.64,0.64,197.05,97.05,KXNFLSPREAD-26OCT04KCLV-KC2,2026-10-06T20:25:00Z
2026-09-29T22:53:24Z,2026,4,2026-10-04,KC,LV,spread,KC,17.5,0.16,0.17,0.17,13094.23,9112.11,KXNFLSPREAD-26OCT04KCLV-KC18,2026-10-06T20:25:00Z
2026-09-29T22:53:24Z,2026,4,2026-10-04,KC,LV,spread,KC,16.5,0.17,0.19,0.17,444.33,431.58,KXNFLSPREAD-26OCT04KCLV-KC17,2026-10-06T20:25:00Z
2026-09-29T22:53:24Z,2026,4,2026-10-04,KC,LV,spread,KC,14.5,0.21,0.22,0.21,417.89,416.89,KXNFLSPREAD-26OCT04KCLV-KC15,2026-10-06T20:25:00Z
2026-09-29T22:53:24Z,2026,4,2026-10-04,KC,LV,spread,KC,13.5,0.23,0.25,0.24,8900.59,6452.79,KXNFLSPREAD-26OCT04KCLV-KC14,2026-10-06T20:25:00Z
2026-09-29T22:53:24Z,2026,4,2026-10-04,KC,LV,spread,KC,10.5,0.28,0.29,0.28,18005.17,14104.25,KXNFLSPREAD-26OCT04KCLV-KC11,2026-10-06T20:25:00Z
2026-09-29T22:53:24Z,2026,4,2026-10-04,KC,LV,spread,KC,9.5,0.33,0.34,0.33,12957.26,6556.86,KXNFLSPREAD-26OCT04KCLV-KC10,2026-10-06T20:25:00Z
2026-09-29T22:53:24Z,2026,4,2026-10-04,MIA,MIN,spread,MIN,7.5,0.59,0.6,0.6,7110.65,6931.9,KXNFLSPREAD-26OCT04MIAMIN-MIN8,2026-10-06T20:05:00Z
2026-09-29T22:53:24Z,2026,4,2026-10-04,MIA,MIN,spread,MIN,6.5,0.64,0.66,0.66,10822.44,10648.52,KXNFLSPREAD-26OCT04MIAMIN-MIN7,2026-10-06T20:05:00Z
2026-09-29T22:53:24Z,2026,4,2026-10-04,MIA,MIN,spread,MIN,5.5,0.68,0.69,0.69,9922.4,6790.37,KXNFLSPREAD-26OCT04MIAMIN-MIN6,2026-10-06T20:05:00Z
2026-09-29T22:53:24Z,2026,4,2026-10-04,MIA,MIN,spread,MIN,4.5,0.71,0.72,0.72,14014.85,13816.68,KXNFLSPREAD-26OCT04MIAMIN-MIN5,2026-10-06T20:05:00Z
2026-09-29T22:53:24Z,2026,4,2026-10-04,MIA,MIN,spread,MIN,3.5,0.73,0.74,0.75,71228.83,64460.61,KXNFLSPREAD-26OCT04MIAMIN-MIN4,2026-10-06T20:05:00Z
2026-09-29T22:53:24Z,2026,4,2026-10-04,MIA,MIN,spread,MIN,30.5,0.05,0.07,0.08,19153.24,18958.01,KXNFLSPREAD-26OCT04MIAMIN-MIN31,2026-10-06T20:05:00Z
2026-09-29T22:53:24Z,2026,4,2026-10-04,MIA,MIN,spread,MIN,2.5,0.79,0.8,0.81,2630.07,2130.07,KXNFLSPREAD-26OCT04MIAMIN-MIN3,2026-10-06T20:05:00Z
2026-09-29T22:53:24Z,2026,4,2026-10-04,MIA,MIN,spread,MIN,27.5,0.09,0.1,0.11,21608.25,21477.25,KXNFLSPREAD-26OCT04MIAMIN-MIN28,2026-10-06T20:05:00Z
2026-09-29T22:53:24Z,2026,4,2026-10-04,MIA,MIN,spread,MIN,23.5,0.15,0.17,0.17,66962.14,56066.24,KXNFLSPREAD-26OCT04MIAMIN-MIN24,2026-10-06T20:05:00Z
2026-09-29T22:53:24Z,2026,4,2026-10-04,MIA,MIN,spread,MIN,20.5,0.21,0.23,0.23,19169.29,10726.94,KXNFLSPREAD-26OCT04MIAMIN-MIN21,2026-10-06T20:05:00Z
2026-09-29T22:53:24Z,2026,4,2026-10-04,MIA,MIN,spread,MIN,1.5,0.81,0.83,0.83,393.0,173.0,KXNFLSPREAD-26OCT04MIAMIN-MIN2,2026-10-06T20:05:00Z
2026-09-29T22:53:24Z,2026,4,2026-10-04,MIA,MIN,spread,MIN,17.5,0.29,0.3,0.3,10326.6,7480.48,KXNFLSPREAD-26OCT04MIAMIN-MIN18,2026-10-06T20:05:00Z
2026-09-29T22:53:24Z,2026,4,2026-10-04,MIA,MIN,spread,MIN,16.5,0.33,0.34,0.34,5481.9,627.42,KXNFLSPREAD-26OCT04MIAMIN-MIN17,2026-10-06T20:05:00Z
2026-09-29T22:53:24Z,2026,4,2026-10-04,MIA,MIN,spread,MIN,14.5,0.37,0.39,0.39,973.9,510.99,KXNFLSPREAD-26OCT04MIAMIN-MIN15,2026-10-06T20:05:00Z
2026-09-29T22:53:24Z,2026,4,2026-10-04,MIA,MIN,spread,MIN,13.5,0.43,0.44,0.43,5790.89,5360.32,KXNFLSPREAD-26OCT04MIAMIN-MIN14,2026-10-06T20:05:00Z
2026-09-29T22:53:24Z,2026,4,2026-10-04,MIA,MIN,spread,MIN,10.5,0.49,0.5,0.5,6045.7,5718.74,KXNFLSPREAD-26OCT04MIAMIN-MIN11,2026-10-06T20:05:00Z
2026-09-29T22:53:24Z,2026,4,2026-10-04,MIA,MIN,spread,MIN,9.5,0.55,0.56,0.56,8431.49,6657.41,KXNFLSPREAD-26OCT04MIAMIN-MIN10,2026-10-06T20:05:00Z
2026-09-29T22:53:24Z,2026,4,2026-10-04,MIA,MIN,spread,MIA,7.5,0.03,0.05,0.05,4131.5,4129.5,KXNFLSPREAD-26OCT04MIAMIN-MIA8,2026-10-06T20:05:00Z
2026-09-29T22:53:24Z,2026,4,2026-10-04,MIA,MIN,spread,MIA,6.5,0.06,0.07,0.07,3102.0,3102.0,KXNFLSPREAD-26OCT04MIAMIN-MIA7,2026-10-06T20:05:00Z
2026-09-29T22:53:24Z,2026,4,2026-10-04,MIA,MIN,spread,MIA,5.5,0.07,0.09,0.08,51.43,51.43,KXNFLSPREAD-26OCT04MIAMIN-MIA6,2026-10-06T20:05:00Z
2026-09-29T22:53:24Z,2026,4,2026-10-04,MIA,MIN,spread,MIA,4.5,0.07,0.1,0.0,0.0,0.0,KXNFLSPREAD-26OCT04MIAMIN-MIA5,2026-10-06T20:05:00Z
2026-09-29T22:53:24Z,2026,4,2026-10-04,MIA,MIN,spread,MIA,3.5,0.1,0.11,0.1,32.0,32.0,KXNFLSPREAD-26OCT04MIAMIN-MIA4,2026-10-06T20:05:00Z
2026-09-29T22:53:24Z,2026,4,2026-10-04,MIA,MIN,spread,MIA,2.5,0.12,0.14,0.14,43.11,43.11,KXNFLSPREAD-26OCT04MIAMIN-MIA3,2026-10-06T20:05:00Z
2026-09-29T22:53:24Z,2026,4,2026-10-04,MIA,MIN,spread,MIA,1.5,0.14,0.16,0.15,2673.16,2673.16,KXNFLSPREAD-26OCT04MIAMIN-MIA2,2026-10-06T20:05:00Z
2026-09-29T22:53:24Z,2026,4,2026-10-04,MIA,MIN,spread,MIA,10.5,0.03,0.04,0.03,28.26,28.26,KXNFLSPREAD-26OCT04MIAMIN-MIA11,2026-10-06T20:05:00Z
2026-09-29T22:53:24Z,2026,4,2026-10-04,MIA,MIN,spread,MIA,9.5,0.03,0.05,0.04,56.0,55.0,KXNFLSPREAD-26OCT04MIAMIN-MIA10,2026-10-06T20:05:00Z
2026-09-29T22:53:24Z,2026,4,2026-10-04,TEN,BAL,spread,TEN,7.5,0.04,0.05,0.04,1479.33,1471.33,KXNFLSPREAD-26OCT04TENBAL-TEN8,2026-10-06T17:00:00Z
2026-09-29T22:53:24Z,2026,4,2026-10-04,TEN,BAL,spread,TEN,6.5,0.05,0.06,0.05,18.63,18.63,KXNFLSPREAD-26OCT04TENBAL-TEN7,2026-10-06T17:00:00Z
2026-09-29T22:53:24Z,2026,4,2026-10-04,TEN,BAL,spread,TEN,5.5,0.05,0.08,0.0,0.0,0.0,KXNFLSPREAD-26OCT04TENBAL-TEN6,2026-10-06T17:00:00Z
2026-09-29T22:53:24Z,2026,4,2026-10-04,TEN,BAL,spread,TEN,4.5,0.06,0.08,0.06,3118.0,3084.0,KXNFLSPREAD-26OCT04TENBAL-TEN5,2026-10-06T17:00:00Z
2026-09-29T22:53:24Z,2026,4,2026-10-04,TEN,BAL,spread,TEN,3.5,0.07,0.09,0.07,4.0,4.0,KXNFLSPREAD-26OCT04TENBAL-TEN4,2026-10-06T17:00:00Z
2026-09-29T22:53:24Z,2026,4,2026-10-04,TEN,BAL,spread,TEN,2.5,0.1,0.12,0.0,0.0,0.0,KXNFLSPREAD-26OCT04TENBAL-TEN3,2026-10-06T17:00:00Z
2026-09-29T22:53:24Z,2026,4,2026-10-04,TEN,BAL,spread,TEN,1.5,0.11,0.13,0.11,4216.0,4191.0,KXNFLSPREAD-26OCT04TENBAL-TEN2,2026-10-06T17:00:00Z
2026-09-29T22:53:24Z,2026,4,2026-10-04,TEN,BAL,spread,TEN,10.5,0.03,0.04,0.03,202.73,202.73,KXNFLSPREAD-26OCT04TENBAL-TEN11,2026-10-06T17:00:00Z
2026-09-29T22:53:24Z,2026,4,2026-10-04,TEN,BAL,spread,TEN,9.5,0.03,0.04,0.03,30.28,30.28,KXNFLSPREAD-26OCT04TENBAL-TEN10,2026-10-06T17:00:00Z
2026-09-29T22:53:24Z,2026,4,2026-10-04,TEN,BAL,spread,BAL,7.5,0.62,0.63,0.62,2990.57,2990.57,KXNFLSPREAD-26OCT04TENBAL-BAL8,2026-10-06T17:00:00Z
2026-09-29T22:53:24Z,2026,4,2026-10-04,TEN,BAL,spread,BAL,6.5,0.68,0.69,0.69,12782.03,11130.95,KXNFLSPREAD-26OCT04TENBAL-BAL7,2026-10-06T17:00:00Z
2026-09-29T22:53:24Z,2026,4,2026-10-04,TEN,BAL,spread,BAL,5.5,0.71,0.72,0.72,6165.21,6140.21,KXNFLSPREAD-26OCT04TENBAL-BAL6,2026-10-06T17:00:00Z
2026-09-29T22:53:24Z,2026,4,2026-10-04,TEN,BAL,spread,BAL,4.5,0.73,0.74,0.73,2482.97,2457.97,KXNFLSPREAD-26OCT04TENBAL-BAL5,2026-10-06T17:00:00Z
2026-09-29T22:53:24Z,2026,4,2026-10-04,TEN,BAL,spread,BAL,3.5,0.74,0.75,0.76,2886.44,2886.44,KXNFLSPREAD-26OCT04TENBAL-BAL4,2026-10-06T17:00:00Z
2026-09-29T22:53:24Z,2026,4,2026-10-04,TEN,BAL,spread,BAL,30.5,0.07,0.09,0.08,333.16,301.63,KXNFLSPREAD-26OCT04TENBAL-BAL31,2026-10-06T17:00:00Z
2026-09-29T22:53:24Z,2026,4,2026-10-04,TEN,BAL,spread,BAL,2.5,0.82,0.83,0.83,14486.77,14361.77,KXNFLSPREAD-26OCT04TENBAL-BAL3,2026-10-06T17:00:00Z
2026-09-29T22:53:24Z,2026,4,2026-10-04,TEN,BAL,spread,BAL,27.5,0.11,0.13,0.12,309.03,258.03,KXNFLSPREAD-26OCT04TENBAL-BAL28,2026-10-06T17:00:00Z
2026-09-29T22:53:24Z,2026,4,2026-10-04,TEN,BAL,spread,BAL,23.5,0.17,0.19,0.17,419.0,275.0,KXNFLSPREAD-26OCT04TENBAL-BAL24,2026-10-06T17:00:00Z
2026-09-29T22:53:24Z,2026,4,2026-10-04,TEN,BAL,spread,BAL,20.5,0.24,0.25,0.25,7573.05,6146.0,KXNFLSPREAD-26OCT04TENBAL-BAL21,2026-10-06T17:00:00Z
2026-09-29T22:53:24Z,2026,4,2026-10-04,TEN,BAL,spread,BAL,1.5,0.84,0.85,0.84,4931.7,2381.7,KXNFLSPREAD-26OCT04TENBAL-BAL2,2026-10-06T17:00:00Z
2026-09-29T22:53:24Z,2026,4,2026-10-04,TEN,BAL,spread,BAL,17.5,0.31,0.33,0.33,18390.75,14554.84,KXNFLSPREAD-26OCT04TENBAL-BAL18,2026-10-06T17:00:00Z
2026-09-29T22:53:24Z,2026,4,2026-10-04,TEN,BAL,spread,BAL,16.5,0.35,0.36,0.37,22549.83,17879.79,KXNFLSPREAD-26OCT04TENBAL-BAL17,2026-10-06T17:00:00Z
2026-09-29T22:53:24Z,2026,4,2026-10-04,TEN,BAL,spread,BAL,14.5,0.4,0.41,0.42,185.19,130.19,KXNFLSPREAD-26OCT04TENBAL-BAL15,2026-10-06T17:00:00Z
2026-09-29T22:53:24Z,2026,4,2026-10-04,TEN,BAL,spread,BAL,13.5,0.46,0.47,0.47,1090.02,823.53,KXNFLSPREAD-26OCT04TENBAL-BAL14,2026-10-06T17:00:00Z
2026-09-29T22:53:24Z,2026,4,2026-10-04,TEN,BAL,spread,BAL,11.5,0.49,0.5,0.49,16347.15,9677.17,KXNFLSPREAD-26OCT04TENBAL-BAL12,2026-10-06T17:00:00Z
2026-09-29T22:53:24Z,2026,4,2026-10-04,TEN,BAL,spread,BAL,10.5,0.52,0.54,0.52,2407.67,2050.74,KXNFLSPREAD-26OCT04TENBAL-BAL11,2026-10-06T17:00:00Z
2026-09-29T22:53:24Z,2026,4,2026-10-04,TEN,BAL,spread,BAL,9.5,0.57,0.58,0.58,633.91,609.93,KXNFLSPREAD-26OCT04TENBAL-BAL10,2026-10-06T17:00:00Z
2026-09-29T22:53:24Z,2026,4,2026-10-04,DAL,HOU,spread,HOU,7.5,0.3,0.31,0.3,40.0,40.0,KXNFLSPREAD-26OCT04DALHOU-HOU8,2026-10-06T17:00:00Z
2026-09-29T22:53:24Z,2026,4,2026-10-04,DAL,HOU,spread,HOU,6.5,0.34,0.35,0.34,2236.64,1747.0,KXNFLSPREAD-26OCT04DALHOU-HOU7,2026-10-06T17:00:00Z
2026-09-29T22:53:24Z,2026,4,2026-10-04,DAL,HOU,spread,HOU,5.5,0.38,0.39,0.37,203.72,179.72,KXNFLSPREAD-26OCT04DALHOU-HOU6,2026-10-06T17:00:00Z
2026-09-29T22:53:24Z,2026,4,2026-10-04,DAL,HOU,spread,HOU,4.5,0.4,0.41,0.0,0.0,0.0,KXNFLSPREAD-26OCT04DALHOU-HOU5,2026-10-06T17:00:00Z
2026-09-29T22:53:24Z,2026,4,2026-10-04,DAL,HOU,spread,HOU,3.5,0.42,0.43,0.42,674.47,604.74,KXNFLSPREAD-26OCT04DALHOU-HOU4,2026-10-06T17:00:00Z
2026-09-29T22:53:24Z,2026,4,2026-10-04,DAL,HOU,spread,HOU,2.5,0.52,0.53,0.53,7499.91,5647.17,KXNFLSPREAD-26OCT04DALHOU-HOU3,2026-10-06T17:00:00Z
2026-09-29T22:53:24Z,2026,4,2026-10-04,DAL,HOU,spread,HOU,20.5,0.08,0.09,0.08,669.72,669.72,KXNFLSPREAD-26OCT04DALHOU-HOU21,2026-10-06T17:00:00Z
2026-09-29T22:53:24Z,2026,4,2026-10-04,DAL,HOU,spread,HOU,1.5,0.54,0.55,0.54,124.07,122.07,KXNFLSPREAD-26OCT04DALHOU-HOU2,2026-10-06T17:00:00Z
2026-09-29T22:53:24Z,2026,4,2026-10-04,DAL,HOU,spread,HOU,17.5,0.11,0.12,0.11,10135.4,6990.89,KXNFLSPREAD-26OCT04DALHOU-HOU18,2026-10-06T17:00:00Z
2026-09-29T22:53:24Z,2026,4,2026-10-04,DAL,HOU,spread,HOU,16.5,0.14,0.15,0.12,42.0,25.0,KXNFLSPREAD-26OCT04DALHOU-HOU17,2026-10-06T17:00:00Z
2026-09-29T22:53:24Z,2026,4,2026-10-04,DAL,HOU,spread,HOU,14.5,0.15,0.16,0.15,3171.3,2264.0,KXNFLSPREAD-26OCT04DALHOU-HOU15,2026-10-06T17:00:00Z
2026-09-29T22:53:24Z,2026,4,2026-10-04,DAL,HOU,spread,HOU,13.5,0.17,0.18,0.17,7436.19,4545.21,KXNFLSPREAD-26OCT04DALHOU-HOU14,2026-10-06T17:00:00Z
2026-09-29T22:53:24Z,2026,4,2026-10-04,DAL,HOU,spread,HOU,10.5,0.23,0.24,0.23,1644.96,1644.96,KXNFLSPREAD-26OCT04DALHOU-HOU11,2026-10-06T17:00:00Z
2026-09-29T22:53:24Z,2026,4,2026-10-04,DAL,HOU,spread,HOU,9.5,0.26,0.27,0.25,2253.0,2206.0,KXNFLSPREAD-26OCT04DALHOU-HOU10,2026-10-06T17:00:00Z
2026-09-29T22:53:24Z,2026,4,2026-10-04,DAL,HOU,spread,DAL,7.5,0.18,0.2,0.2,564.41,564.41,KXNFLSPREAD-26OCT04DALHOU-DAL8,2026-10-06T17:00:00Z
2026-09-29T22:53:24Z,2026,4,2026-10-04,DAL,HOU,spread,DAL,6.5,0.23,0.24,0.24,547.25,277.25,KXNFLSPREAD-26OCT04DALHOU-DAL7,2026-10-06T17:00:00Z
2026-09-29T22:53:24Z,2026,4,2026-10-04,DAL,HOU,spread,DAL,5.5,0.25,0.27,0.25,56.11,56.11,KXNFLSPREAD-26OCT04DALHOU-DAL6,2026-10-06T17:00:00Z
2026-09-29T22:53:24Z,2026,4,2026-10-04,DAL,HOU,spread,DAL,4.5,0.27,0.28,0.29,2804.31,2617.48,KXNFLSPREAD-26OCT04DALHOU-DAL5,2026-10-06T17:00:00Z
2026-09-29T22:53:24Z,2026,4,2026-10-04,DAL,HOU,spread,DAL,3.5,0.29,0.31,0.31,30.77,30.77,KXNFLSPREAD-26OCT04DALHOU-DAL4,2026-10-06T17:00:00Z
2026-09-29T22:53:24Z,2026,4,2026-10-04,DAL,HOU,spread,DAL,2.5,0.37,0.38,0.38,1796.55,1721.55,KXNFLSPREAD-26OCT04DALHOU-DAL3,2026-10-06T17:00:00Z
2026-09-29T22:53:24Z,2026,4,2026-10-04,DAL,HOU,spread,DAL,1.5,0.4,0.41,0.41,333.21,333.21,KXNFLSPREAD-26OCT04DALHOU-DAL2,2026-10-06T17:00:00Z
2026-09-29T22:53:24Z,2026,4,2026-10-04,DAL,HOU,spread,DAL,14.5,0.08,0.11,0.0,0.0,0.0,KXNFLSPREAD-26OCT04DALHOU-DAL15,2026-10-06T17:00:00Z
2026-09-29T22:53:24Z,2026,4,2026-10-04,DAL,HOU,spread,DAL,13.5,0.1,0.12,0.1,52.0,27.0,KXNFLSPREAD-26OCT04DALHOU-DAL14,2026-10-06T17:00:00Z
2026-09-29T22:53:24Z,2026,4,2026-10-04,DAL,HOU,spread,DAL,10.5,0.12,0.14,0.09,65.0,65.0,KXNFLSPREAD-26OCT04DALHOU-DAL11,2026-10-06T17:00:00Z
2026-09-29T22:53:24Z,2026,4,2026-10-04,DAL,HOU,spread,DAL,9.5,0.15,0.17,0.17,159.45,159.45,KXNFLSPREAD-26OCT04DALHOU-DAL10,2026-10-06T17:00:00Z
2026-09-29T22:53:24Z,2026,4,2026-10-04,LAC,SEA,spread,SEA,7.5,0.46,0.48,0.48,2680.28,2300.91,KXNFLSPREAD-26OCT04LACSEA-SEA8,2026-10-06T20:25:00Z
2026-09-29T22:53:24Z,2026,4,2026-10-04,LAC,SEA,spread,SEA,6.5,0.55,0.56,0.56,10672.43,10453.6,KXNFLSPREAD-26OCT04LACSEA-SEA7,2026-10-06T20:25:00Z
2026-09-29T22:53:24Z,2026,4,2026-10-04,LAC,SEA,spread,SEA,5.5,0.57,0.59,0.59,3061.18,3061.18,KXNFLSPREAD-26OCT04LACSEA-SEA6,2026-10-06T20:25:00Z
2026-09-29T22:53:24Z,2026,4,2026-10-04,LAC,SEA,spread,SEA,4.5,0.58,0.6,0.59,8.94,6.94,KXNFLSPREAD-26OCT04LACSEA-SEA5,2026-10-06T20:25:00Z
2026-09-29T22:53:24Z,2026,4,2026-10-04,LAC,SEA,spread,SEA,3.5,0.63,0.64,0.62,35022.93,35022.93,KXNFLSPREAD-26OCT04LACSEA-SEA4,2026-10-06T20:25:00Z
2026-09-29T22:53:24Z,2026,4,2026-10-04,LAC,SEA,spread,SEA,2.5,0.7,0.71,0.71,883.59,383.59,KXNFLSPREAD-26OCT04LACSEA-SEA3,2026-10-06T20:25:00Z
2026-09-29T22:53:24Z,2026,4,2026-10-04,LAC,SEA,spread,SEA,27.5,0.06,0.07,0.0,0.0,0.0,KXNFLSPREAD-26OCT04LACSEA-SEA28,2026-10-06T20:25:00Z
2026-09-29T22:53:24Z,2026,4,2026-10-04,LAC,SEA,spread,SEA,23.5,0.1,0.12,0.1,2099.0,2097.0,KXNFLSPREAD-26OCT04LACSEA-SEA24,2026-10-06T20:25:00Z
2026-09-29T22:53:24Z,2026,4,2026-10-04,LAC,SEA,spread,SEA,20.5,0.15,0.17,0.14,637.0,612.0,KXNFLSPREAD-26OCT04LACSEA-SEA21,2026-10-06T20:25:00Z
2026-09-29T22:53:24Z,2026,4,2026-10-04,LAC,SEA,spread,SEA,1.5,0.71,0.73,0.67,1200.0,1200.0,KXNFLSPREAD-26OCT04LACSEA-SEA2,2026-10-06T20:25:00Z
2026-09-29T22:53:24Z,2026,4,2026-10-04,LAC,SEA,spread,SEA,17.5,0.2,0.21,0.21,304.14,192.14,KXNFLSPREAD-26OCT04LACSEA-SEA18,2026-10-06T20:25:00Z
2026-09-29T22:53:24Z,2026,4,2026-10-04,LAC,SEA,spread,SEA,16.5,0.22,0.23,0.23,2026.12,2022.0,KXNFLSPREAD-26OCT04LACSEA-SEA17,2026-10-06T20:25:00Z
2026-09-29T22:53:24Z,2026,4,2026-10-04,LAC,SEA,spread,SEA,14.5,0.26,0.27,0.27,6927.34,6564.44,KXNFLSPREAD-26OCT04LACSEA-SEA15,2026-10-06T20:25:00Z
2026-09-29T22:53:24Z,2026,4,2026-10-04,LAC,SEA,spread,SEA,13.5,0.31,0.32,0.31,231.63,131.63,KXNFLSPREAD-26OCT04LACSEA-SEA14,2026-10-06T20:25:00Z
2026-09-29T22:53:24Z,2026,4,2026-10-04,LAC,SEA,spread,SEA,10.5,0.37,0.38,0.34,8596.29,7964.47,KXNFLSPREAD-26OCT04LACSEA-SEA11,2026-10-06T20:25:00Z
2026-09-29T22:53:24Z,2026,4,2026-10-04,LAC,SEA,spread,SEA,9.5,0.43,0.44,0.43,7103.11,6986.0,KXNFLSPREAD-26OCT04LACSEA-SEA10,2026-10-06T20:25:00Z
2026-09-29T22:53:24Z,2026,4,2026-10-04,LAC,SEA,spread,LAC,7.5,0.09,0.1,0.1,18964.0,18856.0,KXNFLSPREAD-26OCT04LACSEA-LAC8,2026-10-06T20:25:00Z
2026-09-29T22:53:24Z,2026,4,2026-10-04,LAC,SEA,spread,LAC,6.5,0.1,0.12,0.1,18654.17,18467.17,KXNFLSPREAD-26OCT04LACSEA-LAC7,2026-10-06T20:25:00Z
2026-09-29T22:53:24Z,2026,4,2026-10-04,LAC,SEA,spread,LAC,5.5,0.12,0.13,0.11,187.0,187.0,KXNFLSPREAD-26OCT04LACSEA-LAC6,2026-10-06T20:25:00Z
2026-09-29T22:53:24Z,2026,4,2026-10-04,LAC,SEA,spread,LAC,4.5,0.14,0.15,0.15,16407.24,16260.24,KXNFLSPREAD-26OCT04LACSEA-LAC5,2026-10-06T20:25:00Z
2026-09-29T22:53:24Z,2026,4,2026-10-04,LAC,SEA,spread,LAC,3.5,0.17,0.18,0.17,1337.55,1062.99,KXNFLSPREAD-26OCT04LACSEA-LAC4,2026-10-06T20:25:00Z
2026-09-29T22:53:24Z,2026,4,2026-10-04,LAC,SEA,spread,LAC,2.5,0.19,0.21,0.21,5315.86,5166.98,KXNFLSPREAD-26OCT04LACSEA-LAC3,2026-10-06T20:25:00Z
2026-09-29T22:53:24Z,2026,4,2026-10-04,LAC,SEA,spread,LAC,1.5,0.21,0.23,0.22,7218.82,6958.02,KXNFLSPREAD-26OCT04LACSEA-LAC2,2026-10-06T20:25:00Z
2026-09-29T22:53:24Z,2026,4,2026-10-04,LAC,SEA,spread,LAC,14.5,0.03,0.04,0.0,0.0,0.0,KXNFLSPREAD-26OCT04LACSEA-LAC15,2026-10-06T20:25:00Z
2026-09-29T22:53:24Z,2026,4,2026-10-04,LAC,SEA,spread,LAC,13.5,0.03,0.04,0.07,42.0,42.0,KXNFLSPREAD-26OCT04LACSEA-LAC14,2026-10-06T20:25:00Z
2026-09-29T22:53:24Z,2026,4,2026-10-04,LAC,SEA,spread,LAC,10.5,0.05,0.06,0.07,113.23,109.23,KXNFLSPREAD-26OCT04LACSEA-LAC11,2026-10-06T20:25:00Z
2026-09-29T22:53:24Z,2026,4,2026-10-04,LAC,SEA,spread,LAC,9.5,0.06,0.08,0.07,820.18,767.0,KXNFLSPREAD-26OCT04LACSEA-LAC10,2026-10-06T20:25:00Z
2026-09-29T22:53:24Z,2026,4,2026-10-04,ARI,NYG,spread,NYG,7.5,0.21,0.22,0.23,3616.8,3599.0,KXNFLSPREAD-26OCT04ARINYG-NYG8,2026-10-06T17:00:00Z
2026-09-29T22:53:24Z,2026,4,2026-10-04,ARI,NYG,spread,NYG,6.5,0.26,0.27,0.28,27184.99,27000.0,KXNFLSPREAD-26OCT04ARINYG-NYG7,2026-10-06T17:00:00Z
2026-09-29T22:53:24Z,2026,4,2026-10-04,ARI,NYG,spread,NYG,5.5,0.29,0.3,0.31,27713.95,27535.75,KXNFLSPREAD-26OCT04ARINYG-NYG6,2026-10-06T17:00:00Z
2026-09-29T22:53:24Z,2026,4,2026-10-04,ARI,NYG,spread,NYG,4.5,0.31,0.32,0.33,7804.15,4262.34,KXNFLSPREAD-26OCT04ARINYG-NYG5,2026-10-06T17:00:00Z
2026-09-29T22:53:24Z,2026,4,2026-10-04,ARI,NYG,spread,NYG,3.5,0.33,0.35,0.36,6179.29,6179.29,KXNFLSPREAD-26OCT04ARINYG-NYG4,2026-10-06T17:00:00Z
2026-09-29T22:53:24Z,2026,4,2026-10-04,ARI,NYG,spread,NYG,2.5,0.41,0.42,0.43,253.15,253.15,KXNFLSPREAD-26OCT04ARINYG-NYG3,2026-10-06T17:00:00Z
2026-09-29T22:53:24Z,2026,4,2026-10-04,ARI,NYG,spread,NYG,20.5,0.05,0.06,0.09,33.4,33.4,KXNFLSPREAD-26OCT04ARINYG-NYG21,2026-10-06T17:00:00Z
2026-09-29T22:53:24Z,2026,4,2026-10-04,ARI,NYG,spread,NYG,1.5,0.43,0.44,0.44,2929.59,2873.75,KXNFLSPREAD-26OCT04ARINYG-NYG2,2026-10-06T17:00:00Z
2026-09-29T22:53:24Z,2026,4,2026-10-04,ARI,NYG,spread,NYG,17.5,0.06,0.08,0.08,500.0,500.0,KXNFLSPREAD-26OCT04ARINYG-NYG18,2026-10-06T17:00:00Z
2026-09-29T22:53:24Z,2026,4,2026-10-04,ARI,NYG,spread,NYG,16.5,0.08,0.1,0.1,6.38,6.38,KXNFLSPREAD-26OCT04ARINYG-NYG17,2026-10-06T17:00:00Z
2026-09-29T22:53:24Z,2026,4,2026-10-04,ARI,NYG,spread,NYG,14.5,0.1,0.12,0.12,1893.53,1893.53,KXNFLSPREAD-26OCT04ARINYG-NYG15,2026-10-06T17:00:00Z
2026-09-29T22:53:24Z,2026,4,2026-10-04,ARI,NYG,spread,NYG,13.5,0.12,0.13,0.14,2972.95,1922.95,KXNFLSPREAD-26OCT04ARINYG-NYG14,2026-10-06T17:00:00Z
2026-09-29T22:53:24Z,2026,4,2026-10-04,ARI,NYG,spread,NYG,10.5,0.16,0.17,0.18,4635.17,3597.34,KXNFLSPREAD-26OCT04ARINYG-NYG11,2026-10-06T17:00:00Z
2026-09-29T22:53:24Z,2026,4,2026-10-04,ARI,NYG,spread,NYG,9.5,0.18,0.19,0.2,4063.95,3850.95,KXNFLSPREAD-26OCT04ARINYG-NYG10,2026-10-06T17:00:00Z
2026-09-29T22:53:24Z,2026,4,2026-10-04,ARI,NYG,spread,ARI,7.5,0.25,0.26,0.25,18324.69,17699.69,KXNFLSPREAD-26OCT04ARINYG-ARI8,2026-10-06T17:00:00Z
2026-09-29T22:53:24Z,2026,4,2026-10-04,ARI,NYG,spread,ARI,6.5,0.31,0.32,0.32,2858.29,1517.29,KXNFLSPREAD-26OCT04ARINYG-ARI7,2026-10-06T17:00:00Z
2026-09-29T22:53:24Z,2026,4,2026-10-04,ARI,NYG,spread,ARI,5.5,0.34,0.35,0.33,6678.94,6572.44,KXNFLSPREAD-26OCT04ARINYG-ARI6,2026-10-06T17:00:00Z
2026-09-29T22:53:24Z,2026,4,2026-10-04,ARI,NYG,spread,ARI,4.5,0.36,0.37,0.35,23446.13,23287.91,KXNFLSPREAD-26OCT04ARINYG-ARI5,2026-10-06T17:00:00Z
2026-09-29T22:53:24Z,2026,4,2026-10-04,ARI,NYG,spread,ARI,3.5,0.39,0.4,0.39,765.6,732.98,KXNFLSPREAD-26OCT04ARINYG-ARI4,2026-10-06T17:00:00Z
2026-09-29T22:53:24Z,2026,4,2026-10-04,ARI,NYG,spread,ARI,2.5,0.47,0.48,0.48,27605.61,27603.31,KXNFLSPREAD-26OCT04ARINYG-ARI3,2026-10-06T17:00:00Z
2026-09-29T22:53:24Z,2026,4,2026-10-04,ARI,NYG,spread,ARI,1.5,0.49,0.5,0.5,6460.85,5987.9,KXNFLSPREAD-26OCT04ARINYG-ARI2,2026-10-06T17:00:00Z
2026-09-29T22:53:24Z,2026,4,2026-10-04,ARI,NYG,spread,ARI,14.5,0.13,0.14,0.11,16849.21,16411.47,KXNFLSPREAD-26OCT04ARINYG-ARI15,2026-10-06T17:00:00Z
2026-09-29T22:53:24Z,2026,4,2026-10-04,ARI,NYG,spread,ARI,13.5,0.15,0.16,0.15,926.19,875.19,KXNFLSPREAD-26OCT04ARINYG-ARI14,2026-10-06T17:00:00Z
2026-09-29T22:53:24Z,2026,4,2026-10-04,ARI,NYG,spread,ARI,10.5,0.19,0.2,0.2,25234.88,23020.46,KXNFLSPREAD-26OCT04ARINYG-ARI11,2026-10-06T17:00:00Z
2026-09-29T22:53:24Z,2026,4,2026-10-04,ARI,NYG,spread,ARI,9.5,0.21,0.22,0.22,14672.16,3394.81,KXNFLSPREAD-26OCT04ARINYG-ARI10,2026-10-06T17:00:00Z
2026-09-29T22:53:24Z,2026,4,2026-10-04,LAR,PHI,spread,PHI,7.5,0.15,0.16,0.17,10666.76,10666.76,KXNFLSPREAD-26OCT04LARPHI-PHI8,2026-10-06T17:00:00Z
2026-09-29T22:53:24Z,2026,4,2026-10-04,LAR,PHI,spread,PHI,6.5,0.19,0.2,0.21,2489.13,2489.13,KXNFLSPREAD-26OCT04LARPHI-PHI7,2026-10-06T17:00:00Z
2026-09-29T22:53:24Z,2026,4,2026-10-04,LAR,PHI,spread,PHI,5.5,0.23,0.24,0.24,1779.1,1760.0,KXNFLSPREAD-26OCT04LARPHI-PHI6,2026-10-06T17:00:00Z
2026-09-29T22:53:24Z,2026,4,2026-10-04,LAR,PHI,spread,PHI,4.5,0.25,0.26,0.25,30597.33,26059.99,KXNFLSPREAD-26OCT04LARPHI-PHI5,2026-10-06T17:00:00Z
2026-09-29T22:53:24Z,2026,4,2026-10-04,LAR,PHI,spread,PHI,3.5,0.29,0.3,0.3,38627.04,26730.02,KXNFLSPREAD-26OCT04LARPHI-PHI4,2026-10-06T17:00:00Z
2026-09-29T22:53:24Z,2026,4,2026-10-04,LAR,PHI,spread,PHI,2.5,0.35,0.36,0.36,16839.48,5072.27,KXNFLSPREAD-26OCT04LARPHI-PHI3,2026-10-06T17:00:00Z
2026-09-29T22:53:24Z,2026,4,2026-10-04,LAR,PHI,spread,PHI,1.5,0.38,0.39,0.4,5246.63,4880.63,KXNFLSPREAD-26OCT04LARPHI-PHI2,2026-10-06T17:00:00Z
2026-09-29T22:53:24Z,2026,4,2026-10-04,LAR,PHI,spread,PHI,14.5,0.07,0.09,0.0,0.0,0.0,KXNFLSPREAD-26OCT04LARPHI-PHI15,2026-10-06T17:00:00Z
2026-09-29T22:53:24Z,2026,4,2026-10-04,LAR,PHI,spread,PHI,13.5,0.09,0.11,0.11,115.0,115.0,KXNFLSPREAD-26OCT04LARPHI-PHI14,2026-10-06T17:00:00Z
2026-09-29T22:53:24Z,2026,4,2026-10-04,LAR,PHI,spread,PHI,10.5,0.11,0.14,0.0,0.0,0.0,KXNFLSPREAD-26OCT04LARPHI-PHI11,2026-10-06T17:00:00Z
2026-09-29T22:53:24Z,2026,4,2026-10-04,LAR,PHI,spread,PHI,9.5,0.12,0.14,0.15,5885.0,5758.0,KXNFLSPREAD-26OCT04LARPHI-PHI10,2026-10-06T17:00:00Z
2026-09-29T22:53:24Z,2026,4,2026-10-04,LAR,PHI,spread,LAR,7.5,0.3,0.31,0.31,33310.71,21576.71,KXNFLSPREAD-26OCT04LARPHI-LAR8,2026-10-06T17:00:00Z
2026-09-29T22:53:24Z,2026,4,2026-10-04,LAR,PHI,spread,LAR,6.5,0.36,0.38,0.38,33829.01,31392.24,KXNFLSPREAD-26OCT04LARPHI-LAR7,2026-10-06T17:00:00Z
2026-09-29T22:53:24Z,2026,4,2026-10-04,LAR,PHI,spread,LAR,5.5,0.4,0.41,0.41,625.11,517.09,KXNFLSPREAD-26OCT04LARPHI-LAR6,2026-10-06T17:00:00Z
2026-09-29T22:53:24Z,2026,4,2026-10-04,LAR,PHI,spread,LAR,4.5,0.42,0.44,0.43,3286.95,2290.67,KXNFLSPREAD-26OCT04LARPHI-LAR5,2026-10-06T17:00:00Z
2026-09-29T22:53:24Z,2026,4,2026-10-04,LAR,PHI,spread,LAR,3.5,0.45,0.46,0.46,11645.78,9349.49,KXNFLSPREAD-26OCT04LARPHI-LAR4,2026-10-06T17:00:00Z
2026-09-29T22:53:24Z,2026,4,2026-10-04,LAR,PHI,spread,LAR,2.5,0.55,0.56,0.56,41271.97,35776.27,KXNFLSPREAD-26OCT04LARPHI-LAR3,2026-10-06T17:00:00Z
2026-09-29T22:53:24Z,2026,4,2026-10-04,LAR,PHI,spread,LAR,20.5,0.09,0.1,0.09,62504.57,45066.55,KXNFLSPREAD-26OCT04LARPHI-LAR21,2026-10-06T17:00:00Z
2026-09-29T22:53:24Z,2026,4,2026-10-04,LAR,PHI,spread,LAR,1.5,0.57,0.58,0.58,19084.2,18158.97,KXNFLSPREAD-26OCT04LARPHI-LAR2,2026-10-06T17:00:00Z
2026-09-29T22:53:24Z,2026,4,2026-10-04,LAR,PHI,spread,LAR,17.5,0.11,0.13,0.09,38421.19,23043.65,KXNFLSPREAD-26OCT04LARPHI-LAR18,2026-10-06T17:00:00Z
2026-09-29T22:53:24Z,2026,4,2026-10-04,LAR,PHI,spread,LAR,16.5,0.13,0.14,0.15,17868.9,10050.58,KXNFLSPREAD-26OCT04LARPHI-LAR17,2026-10-06T17:00:00Z
2026-09-29T22:53:24Z,2026,4,2026-10-04,LAR,PHI,spread,LAR,14.5,0.16,0.17,0.17,46238.7,39146.32,KXNFLSPREAD-26OCT04LARPHI-LAR15,2026-10-06T17:00:00Z
2026-09-29T22:53:24Z,2026,4,2026-10-04,LAR,PHI,spread,LAR,13.5,0.19,0.2,0.2,47624.87,45695.86,KXNFLSPREAD-26OCT04LARPHI-LAR14,2026-10-06T17:00:00Z
2026-09-29T22:53:24Z,2026,4,2026-10-04,LAR,PHI,spread,LAR,10.5,0.23,0.24,0.23,13908.54,9572.58,KXNFLSPREAD-26OCT04LARPHI-LAR11,2026-10-06T17:00:00Z
2026-09-29T22:53:24Z,2026,4,2026-10-04,LAR,PHI,spread,LAR,9.5,0.26,0.27,0.27,25629.91,18189.44,KXNFLSPREAD-26OCT04LARPHI-LAR10,2026-10-06T17:00:00Z
2026-09-29T22:53:24Z,2026,4,2026-10-04,GB,TB,spread,TB,7.5,0.13,0.15,0.15,4482.0,4442.0,KXNFLSPREAD-26OCT04GBTB-TB8,2026-10-06T17:00:00Z
2026-09-29T22:53:24Z,2026,4,2026-10-04,GB,TB,spread,TB,6.5,0.18,0.19,0.19,7400.97,6897.83,KXNFLSPREAD-26OCT04GBTB-TB7,2026-10-06T17:00:00Z
2026-09-29T22:53:24Z,2026,4,2026-10-04,GB,TB,spread,TB,5.5,0.2,0.21,0.22,400.67,283.96,KXNFLSPREAD-26OCT04GBTB-TB6,2026-10-06T17:00:00Z
2026-09-29T22:53:24Z,2026,4,2026-10-04,GB,TB,spread,TB,4.5,0.22,0.23,0.23,5336.67,5087.66,KXNFLSPREAD-26OCT04GBTB-TB5,2026-10-06T17:00:00Z
2026-09-29T22:53:24Z,2026,4,2026-10-04,GB,TB,spread,TB,3.5,0.25,0.26,0.25,9782.0,6451.0,KXNFLSPREAD-26OCT04GBTB-TB4,2026-10-06T17:00:00Z
2026-09-29T22:53:24Z,2026,4,2026-10-04,GB,TB,spread,TB,2.5,0.3,0.32,0.32,8701.84,6570.22,KXNFLSPREAD-26OCT04GBTB-TB3,2026-10-06T17:00:00Z
2026-09-29T22:53:24Z,2026,4,2026-10-04,GB,TB,spread,TB,1.5,0.32,0.33,0.34,45006.56,44149.77,KXNFLSPREAD-26OCT04GBTB-TB2,2026-10-06T17:00:00Z
2026-09-29T22:53:24Z,2026,4,2026-10-04,GB,TB,spread,TB,16.5,0.06,0.07,0.06,9398.65,9348.65,KXNFLSPREAD-26OCT04GBTB-TB17,2026-10-06T17:00:00Z
2026-09-29T22:53:24Z,2026,4,2026-10-04,GB,TB,spread,TB,14.5,0.06,0.08,0.06,7203.4,7203.4,KXNFLSPREAD-26OCT04GBTB-TB15,2026-10-06T17:00:00Z
2026-09-29T22:53:24Z,2026,4,2026-10-04,GB,TB,spread,TB,13.5,0.07,0.09,0.08,3070.63,2921.63,KXNFLSPREAD-26OCT04GBTB-TB14,2026-10-06T17:00:00Z
2026-09-29T22:53:24Z,2026,4,2026-10-04,GB,TB,spread,TB,10.5,0.09,0.11,0.11,2823.0,2736.0,KXNFLSPREAD-26OCT04GBTB-TB11,2026-10-06T17:00:00Z
2026-09-29T22:53:24Z,2026,4,2026-10-04,GB,TB,spread,TB,9.5,0.12,0.13,0.14,625.38,600.38,KXNFLSPREAD-26OCT04GBTB-TB10,2026-10-06T17:00:00Z
2026-09-29T22:53:24Z,2026,4,2026-10-04,GB,TB,spread,GB,7.5,0.35,0.36,0.35,9903.99,3633.69,KXNFLSPREAD-26OCT04GBTB-GB8,2026-10-06T17:00:00Z
2026-09-29T22:53:24Z,2026,4,2026-10-04,GB,TB,spread,GB,6.5,0.41,0.42,0.42,22834.3,16187.86,KXNFLSPREAD-26OCT04GBTB-GB7,2026-10-06T17:00:00Z
2026-09-29T22:53:24Z,2026,4,2026-10-04,GB,TB,spread,GB,5.5,0.45,0.46,0.45,39412.52,33568.34,KXNFLSPREAD-26OCT04GBTB-GB6,2026-10-06T17:00:00Z
2026-09-29T22:53:24Z,2026,4,2026-10-04,GB,TB,spread,GB,4.5,0.47,0.48,0.47,18392.3,9992.26,KXNFLSPREAD-26OCT04GBTB-GB5,2026-10-06T17:00:00Z
2026-09-29T22:53:24Z,2026,4,2026-10-04,GB,TB,spread,GB,3.5,0.51,0.52,0.52,60550.5,46401.09,KXNFLSPREAD-26OCT04GBTB-GB4,2026-10-06T17:00:00Z
2026-09-29T22:53:24Z,2026,4,2026-10-04,GB,TB,spread,GB,2.5,0.58,0.59,0.59,1372.24,1201.2,KXNFLSPREAD-26OCT04GBTB-GB3,2026-10-06T17:00:00Z
2026-09-29T22:53:24Z,2026,4,2026-10-04,GB,TB,spread,GB,1.5,0.6,0.61,0.61,752.3,662.74,KXNFLSPREAD-26OCT04GBTB-GB2,2026-10-06T17:00:00Z
2026-09-29T22:53:24Z,2026,4,2026-10-04,GB,TB,spread,GB,16.5,0.16,0.17,0.16,2585.51,1294.93,KXNFLSPREAD-26OCT04GBTB-GB17,2026-10-06T17:00:00Z
2026-09-29T22:53:24Z,2026,4,2026-10-04,GB,TB,spread,GB,14.5,0.19,0.2,0.19,3676.11,2504.12,KXNFLSPREAD-26OCT04GBTB-GB15,2026-10-06T17:00:00Z
2026-09-29T22:53:24Z,2026,4,2026-10-04,GB,TB,spread,GB,13.5,0.22,0.23,0.22,1370.85,1018.43,KXNFLSPREAD-26OCT04GBTB-GB14,2026-10-06T17:00:00Z
2026-09-29T22:53:24Z,2026,4,2026-10-04,GB,TB,spread,GB,10.5,0.27,0.29,0.27,3122.31,2711.34,KXNFLSPREAD-26OCT04GBTB-GB11,2026-10-06T17:00:00Z
2026-09-29T22:53:24Z,2026,4,2026-10-04,GB,TB,spread,GB,9.5,0.3,0.31,0.3,12475.55,3601.42,KXNFLSPREAD-26OCT04GBTB-GB10,2026-10-06T17:00:00Z
2026-09-29T22:53:24Z,2026,4,2026-10-04,JAX,CIN,spread,JAX,7.5,0.19,0.2,0.19,164.0,50.0,KXNFLSPREAD-26OCT04JACCIN-JAC8,2026-10-06T17:00:00Z
2026-09-29T22:53:24Z,2026,4,2026-10-04,JAX,CIN,spread,JAX,6.5,0.23,0.24,0.24,219.78,219.78,KXNFLSPREAD-26OCT04JACCIN-JAC7,2026-10-06T17:00:00Z
2026-09-29T22:53:24Z,2026,4,2026-10-04,JAX,CIN,spread,JAX,5.5,0.26,0.28,0.28,4107.9,2384.19,KXNFLSPREAD-26OCT04JACCIN-JAC6,2026-10-06T17:00:00Z
2026-09-29T22:53:24Z,2026,4,2026-10-04,JAX,CIN,spread,JAX,4.5,0.28,0.3,0.27,1476.13,1476.13,KXNFLSPREAD-26OCT04JACCIN-JAC5,2026-10-06T17:00:00Z
2026-09-29T22:53:24Z,2026,4,2026-10-04,JAX,CIN,spread,JAX,3.5,0.29,0.31,0.31,3.22,3.22,KXNFLSPREAD-26OCT04JACCIN-JAC4,2026-10-06T17:00:00Z
2026-09-29T22:53:24Z,2026,4,2026-10-04,JAX,CIN,spread,JAX,2.5,0.38,0.39,0.39,9332.77,9179.65,KXNFLSPREAD-26OCT04JACCIN-JAC3,2026-10-06T17:00:00Z
2026-09-29T22:53:24Z,2026,4,2026-10-04,JAX,CIN,spread,JAX,1.5,0.39,0.41,0.42,8872.08,8872.08,KXNFLSPREAD-26OCT04JACCIN-JAC2,2026-10-06T17:00:00Z
2026-09-29T22:53:24Z,2026,4,2026-10-04,JAX,CIN,spread,JAX,14.5,0.08,0.1,0.08,1818.0,1027.0,KXNFLSPREAD-26OCT04JACCIN-JAC15,2026-10-06T17:00:00Z
2026-09-29T22:53:24Z,2026,4,2026-10-04,JAX,CIN,spread,JAX,13.5,0.1,0.13,0.0,0.0,0.0,KXNFLSPREAD-26OCT04JACCIN-JAC14,2026-10-06T17:00:00Z
2026-09-29T22:53:24Z,2026,4,2026-10-04,JAX,CIN,spread,JAX,10.5,0.13,0.16,0.0,0.0,0.0,KXNFLSPREAD-26OCT04JACCIN-JAC11,2026-10-06T17:00:00Z
2026-09-29T22:53:24Z,2026,4,2026-10-04,JAX,CIN,spread,JAX,9.5,0.16,0.18,0.16,29.0,29.0,KXNFLSPREAD-26OCT04JACCIN-JAC10,2026-10-06T17:00:00Z
2026-09-29T22:53:24Z,2026,4,2026-10-04,JAX,CIN,spread,CIN,7.5,0.28,0.29,0.29,8597.17,8597.17,KXNFLSPREAD-26OCT04JACCIN-CIN8,2026-10-06T17:00:00Z
2026-09-29T22:53:24Z,2026,4,2026-10-04,JAX,CIN,spread,CIN,6.5,0.34,0.35,0.35,2093.29,1839.29,KXNFLSPREAD-26OCT04JACCIN-CIN7,2026-10-06T17:00:00Z
2026-09-29T22:53:24Z,2026,4,2026-10-04,JAX,CIN,spread,CIN,5.5,0.37,0.38,0.37,10875.63,10656.82,KXNFLSPREAD-26OCT04JACCIN-CIN6,2026-10-06T17:00:00Z
2026-09-29T22:53:24Z,2026,4,2026-10-04,JAX,CIN,spread,CIN,4.5,0.39,0.41,0.38,8946.0,8946.0,KXNFLSPREAD-26OCT04JACCIN-CIN5,2026-10-06T17:00:00Z
2026-09-29T22:53:24Z,2026,4,2026-10-04,JAX,CIN,spread,CIN,3.5,0.42,0.44,0.42,578.53,532.38,KXNFLSPREAD-26OCT04JACCIN-CIN4,2026-10-06T17:00:00Z
2026-09-29T22:53:24Z,2026,4,2026-10-04,JAX,CIN,spread,CIN,2.5,0.51,0.52,0.52,10199.77,9866.32,KXNFLSPREAD-26OCT04JACCIN-CIN3,2026-10-06T17:00:00Z
2026-09-29T22:53:24Z,2026,4,2026-10-04,JAX,CIN,spread,CIN,20.5,0.07,0.09,0.07,4471.91,4315.91,KXNFLSPREAD-26OCT04JACCIN-CIN21,2026-10-06T17:00:00Z
2026-09-29T22:53:24Z,2026,4,2026-10-04,JAX,CIN,spread,CIN,1.5,0.53,0.55,0.54,132.42,41.1,KXNFLSPREAD-26OCT04JACCIN-CIN2,2026-10-06T17:00:00Z
2026-09-29T22:53:24Z,2026,4,2026-10-04,JAX,CIN,spread,CIN,17.5,0.11,0.12,0.11,41902.45,21739.15,KXNFLSPREAD-26OCT04JACCIN-CIN18,2026-10-06T17:00:00Z
2026-09-29T22:53:24Z,2026,4,2026-10-04,JAX,CIN,spread,CIN,16.5,0.13,0.14,0.12,10106.09,9512.91,KXNFLSPREAD-26OCT04JACCIN-CIN17,2026-10-06T17:00:00Z
2026-09-29T22:53:24Z,2026,4,2026-10-04,JAX,CIN,spread,CIN,14.5,0.14,0.15,0.15,37691.84,21231.78,KXNFLSPREAD-26OCT04JACCIN-CIN15,2026-10-06T17:00:00Z
2026-09-29T22:53:24Z,2026,4,2026-10-04,JAX,CIN,spread,CIN,13.5,0.17,0.18,0.17,27333.89,14356.22,KXNFLSPREAD-26OCT04JACCIN-CIN14,2026-10-06T17:00:00Z
2026-09-29T22:53:24Z,2026,4,2026-10-04,JAX,CIN,spread,CIN,10.5,0.22,0.23,0.22,25592.6,22384.6,KXNFLSPREAD-26OCT04JACCIN-CIN11,2026-10-06T17:00:00Z
2026-09-29T22:53:24Z,2026,4,2026-10-04,JAX,CIN,spread,CIN,9.5,0.25,0.26,0.26,11138.2,10609.22,KXNFLSPREAD-26OCT04JACCIN-CIN10,2026-10-06T17:00:00Z
2026-09-29T22:53:24Z,2026,4,2026-10-04,NE,BUF,spread,NE,7.5,0.09,0.11,0.08,151.79,151.79,KXNFLSPREAD-26OCT04NEBUF-NE8,2026-10-06T17:00:00Z
2026-09-29T22:53:24Z,2026,4,2026-10-04,NE,BUF,spread,NE,6.5,0.12,0.14,0.1,1.0,1.0,KXNFLSPREAD-26OCT04NEBUF-NE7,2026-10-06T17:00:00Z
2026-09-29T22:53:24Z,2026,4,2026-10-04,NE,BUF,spread,NE,5.5,0.13,0.15,0.14,95.0,60.0,KXNFLSPREAD-26OCT04NEBUF-NE6,2026-10-06T17:00:00Z
2026-09-29T22:53:24Z,2026,4,2026-10-04,NE,BUF,spread,NE,4.5,0.14,0.16,0.1,419.0,419.0,KXNFLSPREAD-26OCT04NEBUF-NE5,2026-10-06T17:00:00Z
2026-09-29T22:53:24Z,2026,4,2026-10-04,NE,BUF,spread,NE,3.5,0.17,0.18,0.18,2485.99,2460.99,KXNFLSPREAD-26OCT04NEBUF-NE4,2026-10-06T17:00:00Z
2026-09-29T22:53:24Z,2026,4,2026-10-04,NE,BUF,spread,NE,2.5,0.22,0.24,0.21,178.09,130.62,KXNFLSPREAD-26OCT04NEBUF-NE3,2026-10-06T17:00:00Z
2026-09-29T22:53:24Z,2026,4,2026-10-04,NE,BUF,spread,NE,1.5,0.24,0.26,0.26,885.03,788.03,KXNFLSPREAD-26OCT04NEBUF-NE2,2026-10-06T17:00:00Z
2026-09-29T22:53:24Z,2026,4,2026-10-04,NE,BUF,spread,NE,14.5,0.04,0.05,0.04,352.38,352.38,KXNFLSPREAD-26OCT04NEBUF-NE15,2026-10-06T17:00:00Z
2026-09-29T22:53:24Z,2026,4,2026-10-04,NE,BUF,spread,NE,13.5,0.04,0.05,0.05,1755.02,1755.02,KXNFLSPREAD-26OCT04NEBUF-NE14,2026-10-06T17:00:00Z
2026-09-29T22:53:24Z,2026,4,2026-10-04,NE,BUF,spread,NE,10.5,0.06,0.08,0.06,4400.0,4400.0,KXNFLSPREAD-26OCT04NEBUF-NE11,2026-10-06T17:00:00Z
2026-09-29T22:53:24Z,2026,4,2026-10-04,NE,BUF,spread,NE,9.5,0.07,0.09,0.0,0.0,0.0,KXNFLSPREAD-26OCT04NEBUF-NE10,2026-10-06T17:00:00Z
2026-09-29T22:53:24Z,2026,4,2026-10-04,NE,BUF,spread,BUF,7.5,0.43,0.44,0.43,9614.51,6313.39,KXNFLSPREAD-26OCT04NEBUF-BUF8,2026-10-06T17:00:00Z
2026-09-29T22:53:24Z,2026,4,2026-10-04,NE,BUF,spread,BUF,6.5,0.51,0.52,0.52,21109.4,19475.23,KXNFLSPREAD-26OCT04NEBUF-BUF7,2026-10-06T17:00:00Z
2026-09-29T22:53:24Z,2026,4,2026-10-04,NE,BUF,spread,BUF,5.5,0.54,0.56,0.56,823.88,823.88,KXNFLSPREAD-26OCT04NEBUF-BUF6,2026-10-06T17:00:00Z
2026-09-29T22:53:24Z,2026,4,2026-10-04,NE,BUF,spread,BUF,4.5,0.57,0.58,0.58,217.1,217.1,KXNFLSPREAD-26OCT04NEBUF-BUF5,2026-10-06T17:00:00Z
2026-09-29T22:53:24Z,2026,4,2026-10-04,NE,BUF,spread,BUF,3.5,0.6,0.61,0.61,2108.0,1963.15,KXNFLSPREAD-26OCT04NEBUF-BUF4,2026-10-06T17:00:00Z
2026-09-29T22:53:24Z,2026,4,2026-10-04,NE,BUF,spread,BUF,2.5,0.68,0.69,0.7,23938.53,23477.06,KXNFLSPREAD-26OCT04NEBUF-BUF3,2026-10-06T17:00:00Z
2026-09-29T22:53:24Z,2026,4,2026-10-04,NE,BUF,spread,BUF,27.5,0.07,0.08,0.06,23957.73,19650.8,KXNFLSPREAD-26OCT04NEBUF-BUF28,2026-10-06T17:00:00Z
2026-09-29T22:53:24Z,2026,4,2026-10-04,NE,BUF,spread,BUF,23.5,0.11,0.12,0.1,23365.44,19193.46,KXNFLSPREAD-26OCT04NEBUF-BUF24,2026-10-06T17:00:00Z
2026-09-29T22:53:24Z,2026,4,2026-10-04,NE,BUF,spread,BUF,20.5,0.16,0.17,0.17,23396.08,19161.27,KXNFLSPREAD-26OCT04NEBUF-BUF21,2026-10-06T17:00:00Z
2026-09-29T22:53:24Z,2026,4,2026-10-04,NE,BUF,spread,BUF,1.5,0.7,0.71,0.72,5068.53,3846.45,KXNFLSPREAD-26OCT04NEBUF-BUF2,2026-10-06T17:00:00Z
2026-09-29T22:53:24Z,2026,4,2026-10-04,NE,BUF,spread,BUF,17.5,0.19,0.2,0.2,9545.58,3874.27,KXNFLSPREAD-26OCT04NEBUF-BUF18,2026-10-06T17:00:00Z
2026-09-29T22:53:24Z,2026,4,2026-10-04,NE,BUF,spread,BUF,16.5,0.22,0.23,0.23,37.04,37.04,KXNFLSPREAD-26OCT04NEBUF-BUF17,2026-10-06T17:00:00Z
2026-09-29T22:53:24Z,2026,4,2026-10-04,NE,BUF,spread,BUF,14.5,0.24,0.25,0.24,3748.06,3716.88,KXNFLSPREAD-26OCT04NEBUF-BUF15,2026-10-06T17:00:00Z
2026-09-29T22:53:24Z,2026,4,2026-10-04,NE,BUF,spread,BUF,13.5,0.28,0.29,0.3,2371.01,2364.86,KXNFLSPREAD-26OCT04NEBUF-BUF14,2026-10-06T17:00:00Z
2026-09-29T22:53:24Z,2026,4,2026-10-04,NE,BUF,spread,BUF,10.5,0.34,0.35,0.36,5698.23,5660.29,KXNFLSPREAD-26OCT04NEBUF-BUF11,2026-10-06T17:00:00Z
2026-09-29T22:53:24Z,2026,4,2026-10-04,NE,BUF,spread,BUF,9.5,0.39,0.41,0.4,1628.92,1416.47,KXNFLSPREAD-26OCT04NEBUF-BUF10,2026-10-06T17:00:00Z
2026-09-29T22:53:24Z,2026,4,2026-10-04,NYJ,CHI,spread,NYJ,7.5,0.15,0.17,0.15,3097.0,2989.0,KXNFLSPREAD-26OCT04NYJCHI-NYJ8,2026-10-06T17:00:00Z
2026-09-29T22:53:24Z,2026,4,2026-10-04,NYJ,CHI,spread,NYJ,6.5,0.18,0.2,0.19,2566.99,1857.99,KXNFLSPREAD-26OCT04NYJCHI-NYJ7,2026-10-06T17:00:00Z
2026-09-29T22:53:24Z,2026,4,2026-10-04,NYJ,CHI,spread,NYJ,5.5,0.2,0.22,0.21,4926.7,4339.7,KXNFLSPREAD-26OCT04NYJCHI-NYJ6,2026-10-06T17:00:00Z
2026-09-29T22:53:24Z,2026,4,2026-10-04,NYJ,CHI,spread,NYJ,4.5,0.22,0.23,0.23,5927.0,5926.0,KXNFLSPREAD-26OCT04NYJCHI-NYJ5,2026-10-06T17:00:00Z
2026-09-29T22:53:24Z,2026,4,2026-10-04,NYJ,CHI,spread,NYJ,3.5,0.26,0.27,0.27,1308.53,1308.53,KXNFLSPREAD-26OCT04NYJCHI-NYJ4,2026-10-06T17:00:00Z
2026-09-29T22:53:24Z,2026,4,2026-10-04,NYJ,CHI,spread,NYJ,2.5,0.31,0.32,0.32,15317.84,15115.36,KXNFLSPREAD-26OCT04NYJCHI-NYJ3,2026-10-06T17:00:00Z
2026-09-29T22:53:24Z,2026,4,2026-10-04,NYJ,CHI,spread,NYJ,1.5,0.35,0.36,0.34,3246.0,3196.0,KXNFLSPREAD-26OCT04NYJCHI-NYJ2,2026-10-06T17:00:00Z
2026-09-29T22:53:24Z,2026,4,2026-10-04,NYJ,CHI,spread,NYJ,14.5,0.06,0.08,0.05,5.0,5.0,KXNFLSPREAD-26OCT04NYJCHI-NYJ15,2026-10-06T17:00:00Z
2026-09-29T22:53:24Z,2026,4,2026-10-04,NYJ,CHI,spread,NYJ,13.5,0.08,0.1,0.09,51.0,51.0,KXNFLSPREAD-26OCT04NYJCHI-NYJ14,2026-10-06T17:00:00Z
2026-09-29T22:53:24Z,2026,4,2026-10-04,NYJ,CHI,spread,NYJ,10.5,0.1,0.13,0.0,0.0,0.0,KXNFLSPREAD-26OCT04NYJCHI-NYJ11,2026-10-06T17:00:00Z
2026-09-29T22:53:24Z,2026,4,2026-10-04,NYJ,CHI,spread,NYJ,9.5,0.11,0.13,0.13,2010.0,2010.0,KXNFLSPREAD-26OCT04NYJCHI-NYJ10,2026-10-06T17:00:00Z
2026-09-29T22:53:24Z,2026,4,2026-10-04,NYJ,CHI,spread,CHI,7.5,0.33,0.34,0.34,47857.88,46455.25,KXNFLSPREAD-26OCT04NYJCHI-CHI8,2026-10-06T17:00:00Z
2026-09-29T22:53:24Z,2026,4,2026-10-04,NYJ,CHI,spread,CHI,6.5,0.37,0.38,0.38,82422.13,80496.05,KXNFLSPREAD-26OCT04NYJCHI-CHI7,2026-10-06T17:00:00Z
2026-09-29T22:53:24Z,2026,4,2026-10-04,NYJ,CHI,spread,CHI,5.5,0.41,0.42,0.42,10495.65,5449.78,KXNFLSPREAD-26OCT04NYJCHI-CHI6,2026-10-06T17:00:00Z
2026-09-29T22:53:24Z,2026,4,2026-10-04,NYJ,CHI,spread,CHI,4.5,0.43,0.45,0.43,6537.41,5926.13,KXNFLSPREAD-26OCT04NYJCHI-CHI5,2026-10-06T17:00:00Z
2026-09-29T22:53:24Z,2026,4,2026-10-04,NYJ,CHI,spread,CHI,3.5,0.46,0.47,0.47,8653.66,6946.74,KXNFLSPREAD-26OCT04NYJCHI-CHI4,2026-10-06T17:00:00Z
2026-09-29T22:53:24Z,2026,4,2026-10-04,NYJ,CHI,spread,CHI,2.5,0.57,0.58,0.58,12367.35,12128.58,KXNFLSPREAD-26OCT04NYJCHI-CHI3,2026-10-06T17:00:00Z
2026-09-29T22:53:24Z,2026,4,2026-10-04,NYJ,CHI,spread,CHI,20.5,0.09,0.1,0.1,907.33,708.84,KXNFLSPREAD-26OCT04NYJCHI-CHI21,2026-10-06T17:00:00Z
2026-09-29T22:53:24Z,2026,4,2026-10-04,NYJ,CHI,spread,CHI,1.5,0.58,0.6,0.59,11929.27,11907.13,KXNFLSPREAD-26OCT04NYJCHI-CHI2,2026-10-06T17:00:00Z
2026-09-29T22:53:24Z,2026,4,2026-10-04,NYJ,CHI,spread,CHI,17.5,0.11,0.12,0.13,2758.42,2577.51,KXNFLSPREAD-26OCT04NYJCHI-CHI18,2026-10-06T17:00:00Z
2026-09-29T22:53:24Z,2026,4,2026-10-04,NYJ,CHI,spread,CHI,16.5,0.13,0.14,0.15,19257.95,5563.65,KXNFLSPREAD-26OCT04NYJCHI-CHI17,2026-10-06T17:00:00Z
2026-09-29T22:53:24Z,2026,4,2026-10-04,NYJ,CHI,spread,CHI,14.5,0.16,0.17,0.18,10927.05,5529.32,KXNFLSPREAD-26OCT04NYJCHI-CHI15,2026-10-06T17:00:00Z
2026-09-29T22:53:24Z,2026,4,2026-10-04,NYJ,CHI,spread,CHI,13.5,0.19,0.2,0.2,5160.86,3447.0,KXNFLSPREAD-26OCT04NYJCHI-CHI14,2026-10-06T17:00:00Z
2026-09-29T22:53:24Z,2026,4,2026-10-04,NYJ,CHI,spread,CHI,10.5,0.23,0.24,0.24,14895.86,13901.2,KXNFLSPREAD-26OCT04NYJCHI-CHI11,2026-10-06T17:00:00Z
2026-09-29T22:53:24Z,2026,4,2026-10-04,NYJ,CHI,spread,CHI,9.5,0.27,0.28,0.28,15247.42,7281.42,KXNFLSPREAD-26OCT04NYJCHI-CHI10,2026-10-06T17:00:00Z
2026-09-29T22:53:24Z,2026,4,2026-10-04,IND,WAS,spread,WAS,7.5,0.14,0.15,0.16,38.0,38.0,KXNFLSPREAD-26OCT04INDWAS-WAS8,2026-10-06T13:30:00Z
2026-09-29T22:53:24Z,2026,4,2026-10-04,IND,WAS,spread,WAS,6.5,0.18,0.2,0.2,1898.64,1873.64,KXNFLSPREAD-26OCT04INDWAS-WAS7,2026-10-06T13:30:00Z
2026-09-29T22:53:24Z,2026,4,2026-10-04,IND,WAS,spread,WAS,5.5,0.21,0.22,0.2,3422.63,3269.23,KXNFLSPREAD-26OCT04INDWAS-WAS6,2026-10-06T13:30:00Z
2026-09-29T22:53:24Z,2026,4,2026-10-04,IND,WAS,spread,WAS,4.5,0.22,0.24,0.21,77.82,77.82,KXNFLSPREAD-26OCT04INDWAS-WAS5,2026-10-06T13:30:00Z
2026-09-29T22:53:24Z,2026,4,2026-10-04,IND,WAS,spread,WAS,3.5,0.24,0.25,0.26,2069.36,1893.18,KXNFLSPREAD-26OCT04INDWAS-WAS4,2026-10-06T13:30:00Z
2026-09-29T22:53:24Z,2026,4,2026-10-04,IND,WAS,spread,WAS,2.5,0.31,0.33,0.33,751.41,737.24,KXNFLSPREAD-26OCT04INDWAS-WAS3,2026-10-06T13:30:00Z
2026-09-29T22:53:24Z,2026,4,2026-10-04,IND,WAS,spread,WAS,1.5,0.33,0.34,0.33,18112.72,16633.87,KXNFLSPREAD-26OCT04INDWAS-WAS2,2026-10-06T13:30:00Z
2026-09-29T22:53:24Z,2026,4,2026-10-04,IND,WAS,spread,WAS,14.5,0.06,0.09,0.08,159.7,129.7,KXNFLSPREAD-26OCT04INDWAS-WAS15,2026-10-06T13:30:00Z
2026-09-29T22:53:24Z,2026,4,2026-10-04,IND,WAS,spread,WAS,13.5,0.08,0.1,0.12,70.87,70.87,KXNFLSPREAD-26OCT04INDWAS-WAS14,2026-10-06T13:30:00Z
2026-09-29T22:53:24Z,2026,4,2026-10-04,IND,WAS,spread,WAS,10.5,0.1,0.11,0.12,79051.0,77679.0,KXNFLSPREAD-26OCT04INDWAS-WAS11,2026-10-06T13:30:00Z
2026-09-29T22:53:24Z,2026,4,2026-10-04,IND,WAS,spread,WAS,9.5,0.12,0.14,0.14,110631.94,77448.97,KXNFLSPREAD-26OCT04INDWAS-WAS10,2026-10-06T13:30:00Z
2026-09-29T22:53:24Z,2026,4,2026-10-04,IND,WAS,spread,IND,7.5,0.35,0.36,0.35,22042.96,12608.08,KXNFLSPREAD-26OCT04INDWAS-IND8,2026-10-06T13:30:00Z
2026-09-29T22:53:24Z,2026,4,2026-10-04,IND,WAS,spread,IND,6.5,0.41,0.42,0.41,8327.5,6909.54,KXNFLSPREAD-26OCT04INDWAS-IND7,2026-10-06T13:30:00Z
2026-09-29T22:53:24Z,2026,4,2026-10-04,IND,WAS,spread,IND,5.5,0.43,0.44,0.45,19707.63,12324.92,KXNFLSPREAD-26OCT04INDWAS-IND6,2026-10-06T13:30:00Z
2026-09-29T22:53:24Z,2026,4,2026-10-04,IND,WAS,spread,IND,4.5,0.46,0.47,0.47,478.52,439.58,KXNFLSPREAD-26OCT04INDWAS-IND5,2026-10-06T13:30:00Z
2026-09-29T22:53:24Z,2026,4,2026-10-04,IND,WAS,spread,IND,3.5,0.51,0.52,0.52,24427.08,17802.93,KXNFLSPREAD-26OCT04INDWAS-IND4,2026-10-06T13:30:00Z
2026-09-29T22:53:24Z,2026,4,2026-10-04,IND,WAS,spread,IND,2.5,0.59,0.6,0.6,34433.09,10900.16,KXNFLSPREAD-26OCT04INDWAS-IND3,2026-10-06T13:30:00Z
2026-09-29T22:53:24Z,2026,4,2026-10-04,IND,WAS,spread,IND,20.5,0.1,0.11,0.11,32871.43,27186.48,KXNFLSPREAD-26OCT04INDWAS-IND21,2026-10-06T13:30:00Z
2026-09-29T22:53:24Z,2026,4,2026-10-04,IND,WAS,spread,IND,1.5,0.61,0.62,0.61,13273.0,11657.0,KXNFLSPREAD-26OCT04INDWAS-IND2,2026-10-06T13:30:00Z
2026-09-29T22:53:24Z,2026,4,2026-10-04,IND,WAS,spread,IND,17.5,0.14,0.16,0.12,44815.33,26080.01,KXNFLSPREAD-26OCT04INDWAS-IND18,2026-10-06T13:30:00Z
2026-09-29T22:53:24Z,2026,4,2026-10-04,IND,WAS,spread,IND,16.5,0.17,0.19,0.14,11470.0,11306.0,KXNFLSPREAD-26OCT04INDWAS-IND17,2026-10-06T13:30:00Z
2026-09-29T22:53:24Z,2026,4,2026-10-04,IND,WAS,spread,IND,14.5,0.2,0.21,0.18,650.0,650.0,KXNFLSPREAD-26OCT04INDWAS-IND15,2026-10-06T13:30:00Z
2026-09-29T22:53:24Z,2026,4,2026-10-04,IND,WAS,spread,IND,13.5,0.23,0.24,0.24,12636.42,9852.42,KXNFLSPREAD-26OCT04INDWAS-IND14,2026-10-06T13:30:00Z
2026-09-29T22:53:24Z,2026,4,2026-10-04,IND,WAS,spread,IND,10.5,0.28,0.29,0.29,2528.0,2403.0,KXNFLSPREAD-26OCT04INDWAS-IND11,2026-10-06T13:30:00Z
2026-09-29T22:53:24Z,2026,4,2026-10-04,IND,WAS,spread,IND,9.5,0.31,0.32,0.31,22095.14,20006.64,KXNFLSPREAD-26OCT04INDWAS-IND10,2026-10-06T13:30:00Z
2026-09-29T22:53:24Z,2026,4,2026-10-01,PIT,CLE,spread,PIT,7.5,0.28,0.29,0.28,1146.02,1086.97,KXNFLSPREAD-26OCT01PITCLE-PIT8,2026-10-04T00:15:00Z
2026-09-29T22:53:24Z,2026,4,2026-10-01,PIT,CLE,spread,PIT,6.5,0.34,0.35,0.35,7819.64,6611.35,KXNFLSPREAD-26OCT01PITCLE-PIT7,2026-10-04T00:15:00Z
2026-09-29T22:53:24Z,2026,4,2026-10-01,PIT,CLE,spread,PIT,5.5,0.37,0.38,0.37,1967.27,1967.27,KXNFLSPREAD-26OCT01PITCLE-PIT6,2026-10-04T00:15:00Z
2026-09-29T22:53:24Z,2026,4,2026-10-01,PIT,CLE,spread,PIT,4.5,0.39,0.4,0.4,6437.79,6228.31,KXNFLSPREAD-26OCT01PITCLE-PIT5,2026-10-04T00:15:00Z
2026-09-29T22:53:24Z,2026,4,2026-10-01,PIT,CLE,spread,PIT,3.5,0.42,0.43,0.42,11090.52,9602.29,KXNFLSPREAD-26OCT01PITCLE-PIT4,2026-10-04T00:15:00Z
2026-09-29T22:53:24Z,2026,4,2026-10-01,PIT,CLE,spread,PIT,2.5,0.51,0.52,0.52,67037.83,56161.26,KXNFLSPREAD-26OCT01PITCLE-PIT3,2026-10-04T00:15:00Z
2026-09-29T22:53:24Z,2026,4,2026-10-01,PIT,CLE,spread,PIT,20.5,0.06,0.07,0.08,3848.07,3826.47,KXNFLSPREAD-26OCT01PITCLE-PIT21,2026-10-04T00:15:00Z
2026-09-29T22:53:24Z,2026,4,2026-10-01,PIT,CLE,spread,PIT,1.5,0.54,0.55,0.55,2539.57,2340.29,KXNFLSPREAD-26OCT01PITCLE-PIT2,2026-10-04T00:15:00Z
2026-09-29T22:53:24Z,2026,4,2026-10-01,PIT,CLE,spread,PIT,17.5,0.1,0.11,0.11,130.1,119.25,KXNFLSPREAD-26OCT01PITCLE-PIT18,2026-10-04T00:15:00Z
2026-09-29T22:53:24Z,2026,4,2026-10-01,PIT,CLE,spread,PIT,16.5,0.13,0.14,0.13,41.56,41.56,KXNFLSPREAD-26OCT01PITCLE-PIT17,2026-10-04T00:15:00Z
2026-09-29T22:53:24Z,2026,4,2026-10-01,PIT,CLE,spread,PIT,14.5,0.15,0.16,0.15,42.01,42.01,KXNFLSPREAD-26OCT01PITCLE-PIT15,2026-10-04T00:15:00Z
2026-09-29T22:53:24Z,2026,4,2026-10-01,PIT,CLE,spread,PIT,13.5,0.16,0.18,0.18,3438.01,3401.26,KXNFLSPREAD-26OCT01PITCLE-PIT14,2026-10-04T00:15:00Z
2026-09-29T22:53:24Z,2026,4,2026-10-01,PIT,CLE,spread,PIT,10.5,0.21,0.23,0.22,3190.31,3190.31,KXNFLSPREAD-26OCT01PITCLE-PIT11,2026-10-04T00:15:00Z
2026-09-29T22:53:24Z,2026,4,2026-10-01,PIT,CLE,spread,PIT,9.5,0.24,0.25,0.25,2016.54,1970.64,KXNFLSPREAD-26OCT01PITCLE-PIT10,2026-10-04T00:15:00Z
2026-09-29T22:53:24Z,2026,4,2026-10-01,PIT,CLE,spread,CLE,7.5,0.18,0.19,0.18,2763.41,2748.47,KXNFLSPREAD-26OCT01PITCLE-CLE8,2026-10-04T00:15:00Z
2026-09-29T22:53:24Z,2026,4,2026-10-01,PIT,CLE,spread,CLE,6.5,0.22,0.23,0.23,8264.79,7417.61,KXNFLSPREAD-26OCT01PITCLE-CLE7,2026-10-04T00:15:00Z
2026-09-29T22:53:24Z,2026,4,2026-10-01,PIT,CLE,spread,CLE,5.5,0.26,0.27,0.26,3969.15,3944.15,KXNFLSPREAD-26OCT01PITCLE-CLE6,2026-10-04T00:15:00Z
2026-09-29T22:53:24Z,2026,4,2026-10-01,PIT,CLE,spread,CLE,4.5,0.27,0.28,0.29,11051.2,10980.67,KXNFLSPREAD-26OCT01PITCLE-CLE5,2026-10-04T00:15:00Z
2026-09-29T22:53:24Z,2026,4,2026-10-01,PIT,CLE,spread,CLE,3.5,0.29,0.3,0.3,18347.68,18281.5,KXNFLSPREAD-26OCT01PITCLE-CLE4,2026-10-04T00:15:00Z
2026-09-29T22:53:24Z,2026,4,2026-10-01,PIT,CLE,spread,CLE,2.5,0.36,0.38,0.38,2823.47,2081.43,KXNFLSPREAD-26OCT01PITCLE-CLE3,2026-10-04T00:15:00Z
2026-09-29T22:53:24Z,2026,4,2026-10-01,PIT,CLE,spread,CLE,1.5,0.39,0.41,0.41,475.3,470.62,KXNFLSPREAD-26OCT01PITCLE-CLE2,2026-10-04T00:15:00Z
2026-09-29T22:53:24Z,2026,4,2026-10-01,PIT,CLE,spread,CLE,14.5,0.09,0.1,0.08,352.71,80.74,KXNFLSPREAD-26OCT01PITCLE-CLE15,2026-10-04T00:15:00Z
2026-09-29T22:53:24Z,2026,4,2026-10-01,PIT,CLE,spread,CLE,13.5,0.09,0.11,0.12,118.6,118.6,KXNFLSPREAD-26OCT01PITCLE-CLE14,2026-10-04T00:15:00Z
2026-09-29T22:53:24Z,2026,4,2026-10-01,PIT,CLE,spread,CLE,10.5,0.13,0.14,0.14,1450.09,1420.73,KXNFLSPREAD-26OCT01PITCLE-CLE11,2026-10-04T00:15:00Z
2026-09-29T22:53:24Z,2026,4,2026-10-01,PIT,CLE,spread,CLE,9.5,0.15,0.16,0.15,3640.91,3563.11,KXNFLSPREAD-26OCT01PITCLE-CLE10,2026-10-04T00:15:00Z
2026-09-29T22:53:24Z,2026,4,2026-10-05,ATL,NO,total,,69.5,0.03,0.06,0.0,0.0,0.0,KXNFLTOTAL-26OCT05ATLNO-70,2026-10-08T00:15:00Z
2026-09-29T22:53:24Z,2026,4,2026-10-05,ATL,NO,total,,66.5,0.06,0.09,0.0,0.0,0.0,KXNFLTOTAL-26OCT05ATLNO-67,2026-10-08T00:15:00Z
2026-09-29T22:53:24Z,2026,4,2026-10-05,ATL,NO,total,,63.5,0.11,0.13,0.0,0.0,0.0,KXNFLTOTAL-26OCT05ATLNO-64,2026-10-08T00:15:00Z
2026-09-29T22:53:24Z,2026,4,2026-10-05,ATL,NO,total,,60.5,0.17,0.18,0.18,2.27,2.27,KXNFLTOTAL-26OCT05ATLNO-61,2026-10-08T00:15:00Z
2026-09-29T22:53:24Z,2026,4,2026-10-05,ATL,NO,total,,57.5,0.22,0.24,0.26,2.0,2.0,KXNFLTOTAL-26OCT05ATLNO-58,2026-10-08T00:15:00Z
2026-09-29T22:53:24Z,2026,4,2026-10-05,ATL,NO,total,,54.5,0.31,0.33,0.32,57.82,57.82,KXNFLTOTAL-26OCT05ATLNO-55,2026-10-08T00:15:00Z
2026-09-29T22:53:24Z,2026,4,2026-10-05,ATL,NO,total,,51.5,0.38,0.41,0.0,0.0,0.0,KXNFLTOTAL-26OCT05ATLNO-52,2026-10-08T00:15:00Z
2026-09-29T22:53:24Z,2026,4,2026-10-05,ATL,NO,total,,50.5,0.42,0.44,0.44,1.0,1.0,KXNFLTOTAL-26OCT05ATLNO-51,2026-10-08T00:15:00Z
2026-09-29T22:53:24Z,2026,4,2026-10-05,ATL,NO,total,,49.5,0.45,0.46,0.45,21.0,21.0,KXNFLTOTAL-26OCT05ATLNO-50,2026-10-08T00:15:00Z
2026-09-29T22:53:24Z,2026,4,2026-10-05,ATL,NO,total,,48.5,0.49,0.5,0.5,1584.07,1288.85,KXNFLTOTAL-26OCT05ATLNO-49,2026-10-08T00:15:00Z
2026-09-29T22:53:24Z,2026,4,2026-10-05,ATL,NO,total,,47.5,0.52,0.53,0.52,2.08,2.08,KXNFLTOTAL-26OCT05ATLNO-48,2026-10-08T00:15:00Z
2026-09-29T22:53:24Z,2026,4,2026-10-05,ATL,NO,total,,46.5,0.54,0.56,0.0,0.0,0.0,KXNFLTOTAL-26OCT05ATLNO-47,2026-10-08T00:15:00Z
2026-09-29T22:53:24Z,2026,4,2026-10-05,ATL,NO,total,,45.5,0.57,0.6,0.0,0.0,0.0,KXNFLTOTAL-26OCT05ATLNO-46,2026-10-08T00:15:00Z
2026-09-29T22:53:24Z,2026,4,2026-10-05,ATL,NO,total,,42.5,0.66,0.68,0.64,18.84,18.84,KXNFLTOTAL-26OCT05ATLNO-43,2026-10-08T00:15:00Z
2026-09-29T22:53:24Z,2026,4,2026-10-05,ATL,NO,total,,39.5,0.75,0.77,0.0,0.0,0.0,KXNFLTOTAL-26OCT05ATLNO-40,2026-10-08T00:15:00Z
2026-09-29T22:53:24Z,2026,4,2026-10-05,ATL,NO,total,,36.5,0.82,0.83,0.82,49.95,49.95,KXNFLTOTAL-26OCT05ATLNO-37,2026-10-08T00:15:00Z
2026-09-29T22:53:24Z,2026,4,2026-10-05,ATL,NO,total,,33.5,0.88,0.9,0.87,66.6,66.6,KXNFLTOTAL-26OCT05ATLNO-34,2026-10-08T00:15:00Z
2026-09-29T22:53:24Z,2026,4,2026-10-05,ATL,NO,total,,30.5,0.92,0.94,0.92,99.9,99.9,KXNFLTOTAL-26OCT05ATLNO-31,2026-10-08T00:15:00Z
2026-09-29T22:53:24Z,2026,4,2026-10-05,ATL,NO,total,,27.5,0.96,0.97,0.95,156.05,156.05,KXNFLTOTAL-26OCT05ATLNO-28,2026-10-08T00:15:00Z
2026-09-29T22:53:24Z,2026,4,2026-10-04,DEN,SF,total,,67.5,0.05,0.06,0.06,2187.52,2164.92,KXNFLTOTAL-26OCT04DENSF-68,2026-10-06T20:25:00Z
2026-09-29T22:53:24Z,2026,4,2026-10-04,DEN,SF,total,,64.5,0.09,0.1,0.1,2919.08,2914.08,KXNFLTOTAL-26OCT04DENSF-65,2026-10-06T20:25:00Z
2026-09-29T22:53:24Z,2026,4,2026-10-04,DEN,SF,total,,61.5,0.13,0.14,0.14,1775.54,1753.31,KXNFLTOTAL-26OCT04DENSF-62,2026-10-06T20:25:00Z
2026-09-29T22:53:24Z,2026,4,2026-10-04,DEN,SF,total,,58.5,0.21,0.22,0.19,2817.77,2644.92,KXNFLTOTAL-26OCT04DENSF-59,2026-10-06T20:25:00Z
2026-09-29T22:53:24Z,2026,4,2026-10-04,DEN,SF,total,,55.5,0.26,0.27,0.25,1535.0,1500.0,KXNFLTOTAL-26OCT04DENSF-56,2026-10-06T20:25:00Z
2026-09-29T22:53:24Z,2026,4,2026-10-04,DEN,SF,total,,52.5,0.35,0.36,0.32,234.06,209.06,KXNFLTOTAL-26OCT04DENSF-53,2026-10-06T20:25:00Z
2026-09-29T22:53:24Z,2026,4,2026-10-04,DEN,SF,total,,49.5,0.43,0.44,0.44,1640.34,1537.0,KXNFLTOTAL-26OCT04DENSF-50,2026-10-06T20:25:00Z
2026-09-29T22:53:24Z,2026,4,2026-10-04,DEN,SF,total,,48.5,0.47,0.48,0.47,2560.74,1917.74,KXNFLTOTAL-26OCT04DENSF-49,2026-10-06T20:25:00Z
2026-09-29T22:53:24Z,2026,4,2026-10-04,DEN,SF,total,,47.5,0.5,0.51,0.51,2813.2,2761.07,KXNFLTOTAL-26OCT04DENSF-48,2026-10-06T20:25:00Z
2026-09-29T22:53:24Z,2026,4,2026-10-04,DEN,SF,total,,46.5,0.54,0.56,0.55,7665.62,6059.84,KXNFLTOTAL-26OCT04DENSF-47,2026-10-06T20:25:00Z
2026-09-29T22:53:24Z,2026,4,2026-10-04,DEN,SF,total,,45.5,0.58,0.59,0.59,1095.31,1070.6,KXNFLTOTAL-26OCT04DENSF-46,2026-10-06T20:25:00Z
2026-09-29T22:53:24Z,2026,4,2026-10-04,DEN,SF,total,,44.5,0.6,0.61,0.6,5340.47,3140.47,KXNFLTOTAL-26OCT04DENSF-45,2026-10-06T20:25:00Z
2026-09-29T22:53:24Z,2026,4,2026-10-04,DEN,SF,total,,43.5,0.61,0.63,0.59,127.58,127.58,KXNFLTOTAL-26OCT04DENSF-44,2026-10-06T20:25:00Z
2026-09-29T22:53:24Z,2026,4,2026-10-04,DEN,SF,total,,40.5,0.71,0.72,0.7,3570.1,1200.1,KXNFLTOTAL-26OCT04DENSF-41,2026-10-06T20:25:00Z
2026-09-29T22:53:24Z,2026,4,2026-10-04,DEN,SF,total,,37.5,0.78,0.79,0.78,1512.59,1512.59,KXNFLTOTAL-26OCT04DENSF-38,2026-10-06T20:25:00Z
2026-09-29T22:53:24Z,2026,4,2026-10-04,DEN,SF,total,,34.5,0.84,0.86,0.78,1285.0,1285.0,KXNFLTOTAL-26OCT04DENSF-35,2026-10-06T20:25:00Z
2026-09-29T22:53:24Z,2026,4,2026-10-04,DEN,SF,total,,31.5,0.88,0.89,0.88,1314.0,1214.0,KXNFLTOTAL-26OCT04DENSF-32,2026-10-06T20:25:00Z
2026-09-29T22:53:24Z,2026,4,2026-10-04,DEN,SF,total,,28.5,0.92,0.93,0.93,2609.62,2455.42,KXNFLTOTAL-26OCT04DENSF-29,2026-10-06T20:25:00Z
2026-09-29T22:53:24Z,2026,4,2026-10-04,DEN,SF,total,,25.5,0.94,0.96,0.95,116.0,116.0,KXNFLTOTAL-26OCT04DENSF-26,2026-10-06T20:25:00Z
2026-09-29T22:53:24Z,2026,4,2026-10-04,DET,CAR,total,,70.5,0.08,0.09,0.08,427.55,402.55,KXNFLTOTAL-26OCT04DETCAR-71,2026-10-07T00:20:00Z
2026-09-29T22:53:24Z,2026,4,2026-10-04,DET,CAR,total,,67.5,0.1,0.11,0.11,38.0,38.0,KXNFLTOTAL-26OCT04DETCAR-68,2026-10-07T00:20:00Z
2026-09-29T22:53:24Z,2026,4,2026-10-04,DET,CAR,total,,64.5,0.15,0.16,0.16,662.24,637.24,KXNFLTOTAL-26OCT04DETCAR-65,2026-10-07T00:20:00Z
2026-09-29T22:53:24Z,2026,4,2026-10-04,DET,CAR,total,,61.5,0.2,0.21,0.21,18919.81,16348.38,KXNFLTOTAL-26OCT04DETCAR-62,2026-10-07T00:20:00Z
2026-09-29T22:53:24Z,2026,4,2026-10-04,DET,CAR,total,,58.5,0.26,0.27,0.28,2519.08,1915.08,KXNFLTOTAL-26OCT04DETCAR-59,2026-10-07T00:20:00Z
2026-09-29T22:53:24Z,2026,4,2026-10-04,DET,CAR,total,,55.5,0.34,0.36,0.35,266.0,266.0,KXNFLTOTAL-26OCT04DETCAR-56,2026-10-07T00:20:00Z
2026-09-29T22:53:24Z,2026,4,2026-10-04,DET,CAR,total,,52.5,0.43,0.44,0.42,15239.88,15239.88,KXNFLTOTAL-26OCT04DETCAR-53,2026-10-07T00:20:00Z
2026-09-29T22:53:24Z,2026,4,2026-10-04,DET,CAR,total,,51.5,0.45,0.47,0.47,137.11,137.11,KXNFLTOTAL-26OCT04DETCAR-52,2026-10-07T00:20:00Z
2026-09-29T22:53:24Z,2026,4,2026-10-04,DET,CAR,total,,50.5,0.5,0.51,0.52,8666.19,5004.44,KXNFLTOTAL-26OCT04DETCAR-51,2026-10-07T00:20:00Z
2026-09-29T22:53:24Z,2026,4,2026-10-04,DET,CAR,total,,49.5,0.53,0.54,0.54,658.01,633.01,KXNFLTOTAL-26OCT04DETCAR-50,2026-10-07T00:20:00Z
2026-09-29T22:53:24Z,2026,4,2026-10-04,DET,CAR,total,,48.5,0.56,0.57,0.57,351.32,351.32,KXNFLTOTAL-26OCT04DETCAR-49,2026-10-07T00:20:00Z
2026-09-29T22:53:24Z,2026,4,2026-10-04,DET,CAR,total,,47.5,0.59,0.6,0.6,255.96,255.96,KXNFLTOTAL-26OCT04DETCAR-48,2026-10-07T00:20:00Z
2026-09-29T22:53:24Z,2026,4,2026-10-04,DET,CAR,total,,46.5,0.62,0.63,0.0,0.0,0.0,KXNFLTOTAL-26OCT04DETCAR-47,2026-10-07T00:20:00Z
2026-09-29T22:53:24Z,2026,4,2026-10-04,DET,CAR,total,,43.5,0.69,0.71,0.0,0.0,0.0,KXNFLTOTAL-26OCT04DETCAR-44,2026-10-07T00:20:00Z
2026-09-29T22:53:24Z,2026,4,2026-10-04,DET,CAR,total,,40.5,0.77,0.79,0.76,98.9,98.9,KXNFLTOTAL-26OCT04DETCAR-41,2026-10-07T00:20:00Z
2026-09-29T22:53:24Z,2026,4,2026-10-04,DET,CAR,total,,37.5,0.83,0.84,0.0,0.0,0.0,KXNFLTOTAL-26OCT04DETCAR-38,2026-10-07T00:20:00Z
2026-09-29T22:53:24Z,2026,4,2026-10-04,DET,CAR,total,,34.5,0.88,0.89,0.89,772.28,772.28,KXNFLTOTAL-26OCT04DETCAR-35,2026-10-07T00:20:00Z
2026-09-29T22:53:24Z,2026,4,2026-10-04,DET,CAR,total,,31.5,0.92,0.93,0.93,1265.74,1243.0,KXNFLTOTAL-26OCT04DETCAR-32,2026-10-07T00:20:00Z
2026-09-29T22:53:24Z,2026,4,2026-10-04,DET,CAR,total,,28.5,0.95,0.96,0.96,190.37,187.94,KXNFLTOTAL-26OCT04DETCAR-29,2026-10-07T00:20:00Z
2026-09-29T22:53:24Z,2026,4,2026-10-04,KC,LV,total,,67.5,0.06,0.07,0.06,4604.84,4445.34,KXNFLTOTAL-26OCT04KCLV-68,2026-10-06T20:25:00Z
2026-09-29T22:53:24Z,2026,4,2026-10-04,KC,LV,total,,64.5,0.09,0.1,0.1,2244.82,2219.82,KXNFLTOTAL-26OCT04KCLV-65,2026-10-06T20:25:00Z
2026-09-29T22:53:24Z,2026,4,2026-10-04,KC,LV,total,,61.5,0.14,0.15,0.14,5388.09,2865.26,KXNFLTOTAL-26OCT04KCLV-62,2026-10-06T20:25:00Z
2026-09-29T22:53:24Z,2026,4,2026-10-04,KC,LV,total,,58.5,0.19,0.21,0.2,2337.63,1836.21,KXNFLTOTAL-26OCT04KCLV-59,2026-10-06T20:25:00Z
2026-09-29T22:53:24Z,2026,4,2026-10-04,KC,LV,total,,55.5,0.26,0.28,0.28,101.84,88.52,KXNFLTOTAL-26OCT04KCLV-56,2026-10-06T20:25:00Z
2026-09-29T22:53:24Z,2026,4,2026-10-04,KC,LV,total,,52.5,0.34,0.35,0.36,2544.74,2504.61,KXNFLTOTAL-26OCT04KCLV-53,2026-10-06T20:25:00Z
2026-09-29T22:53:24Z,2026,4,2026-10-04,KC,LV,total,,49.5,0.44,0.45,0.45,90.7,90.7,KXNFLTOTAL-26OCT04KCLV-50,2026-10-06T20:25:00Z
2026-09-29T22:53:24Z,2026,4,2026-10-04,KC,LV,total,,48.5,0.47,0.48,0.49,264.13,234.31,KXNFLTOTAL-26OCT04KCLV-49,2026-10-06T20:25:00Z
2026-09-29T22:53:24Z,2026,4,2026-10-04,KC,LV,total,,47.5,0.5,0.51,0.5,24673.94,23601.35,KXNFLTOTAL-26OCT04KCLV-48,2026-10-06T20:25:00Z
2026-09-29T22:53:24Z,2026,4,2026-10-04,KC,LV,total,,46.5,0.54,0.55,0.56,14181.25,14083.41,KXNFLTOTAL-26OCT04KCLV-47,2026-10-06T20:25:00Z
2026-09-29T22:53:24Z,2026,4,2026-10-04,KC,LV,total,,45.5,0.58,0.59,0.59,1582.88,1501.86,KXNFLTOTAL-26OCT04KCLV-46,2026-10-06T20:25:00Z
2026-09-29T22:53:24Z,2026,4,2026-10-04,KC,LV,total,,44.5,0.6,0.61,0.61,57.78,57.78,KXNFLTOTAL-26OCT04KCLV-45,2026-10-06T20:25:00Z
2026-09-29T22:53:24Z,2026,4,2026-10-04,KC,LV,total,,43.5,0.63,0.65,0.65,154.34,149.34,KXNFLTOTAL-26OCT04KCLV-44,2026-10-06T20:25:00Z
2026-09-29T22:53:24Z,2026,4,2026-10-04,KC,LV,total,,40.5,0.73,0.74,0.74,138.17,122.58,KXNFLTOTAL-26OCT04KCLV-41,2026-10-06T20:25:00Z
2026-09-29T22:53:24Z,2026,4,2026-10-04,KC,LV,total,,37.5,0.79,0.8,0.8,142.87,90.87,KXNFLTOTAL-26OCT04KCLV-38,2026-10-06T20:25:00Z
2026-09-29T22:53:24Z,2026,4,2026-10-04,KC,LV,total,,34.5,0.85,0.87,0.84,1344.61,1244.61,KXNFLTOTAL-26OCT04KCLV-35,2026-10-06T20:25:00Z
2026-09-29T22:53:24Z,2026,4,2026-10-04,KC,LV,total,,31.5,0.91,0.92,0.92,801.71,753.7,KXNFLTOTAL-26OCT04KCLV-32,2026-10-06T20:25:00Z
2026-09-29T22:53:24Z,2026,4,2026-10-04,KC,LV,total,,28.5,0.95,0.96,0.95,2758.04,2735.04,KXNFLTOTAL-26OCT04KCLV-29,2026-10-06T20:25:00Z
2026-09-29T22:53:24Z,2026,4,2026-10-04,KC,LV,total,,25.5,0.95,0.97,0.96,18395.25,17303.63,KXNFLTOTAL-26OCT04KCLV-26,2026-10-06T20:25:00Z
2026-09-29T22:53:24Z,2026,4,2026-10-04,MIA,MIN,total,,62.5,0.02,0.04,0.03,1796.56,1666.56,KXNFLTOTAL-26OCT04MIAMIN-63,2026-10-06T20:05:00Z
2026-09-29T22:53:24Z,2026,4,2026-10-04,MIA,MIN,total,,59.5,0.05,0.06,0.04,4663.11,4658.18,KXNFLTOTAL-26OCT04MIAMIN-60,2026-10-06T20:05:00Z
2026-09-29T22:53:24Z,2026,4,2026-10-04,MIA,MIN,total,,56.5,0.08,0.09,0.08,5680.77,5680.77,KXNFLTOTAL-26OCT04MIAMIN-57,2026-10-06T20:05:00Z
2026-09-29T22:53:24Z,2026,4,2026-10-04,MIA,MIN,total,,53.5,0.11,0.12,0.12,16641.62,16490.62,KXNFLTOTAL-26OCT04MIAMIN-54,2026-10-06T20:05:00Z
2026-09-29T22:53:24Z,2026,4,2026-10-04,MIA,MIN,total,,50.5,0.16,0.18,0.17,17012.85,17012.85,KXNFLTOTAL-26OCT04MIAMIN-51,2026-10-06T20:05:00Z
2026-09-29T22:53:24Z,2026,4,2026-10-04,MIA,MIN,total,,47.5,0.23,0.24,0.23,18568.51,16927.86,KXNFLTOTAL-26OCT04MIAMIN-48,2026-10-06T20:05:00Z
2026-09-29T22:53:24Z,2026,4,2026-10-04,MIA,MIN,total,,44.5,0.3,0.32,0.32,15351.0,15301.0,KXNFLTOTAL-26OCT04MIAMIN-45,2026-10-06T20:05:00Z
2026-09-29T22:53:24Z,2026,4,2026-10-04,MIA,MIN,total,,43.5,0.33,0.35,0.33,3550.4,3159.4,KXNFLTOTAL-26OCT04MIAMIN-44,2026-10-06T20:05:00Z
2026-09-29T22:53:24Z,2026,4,2026-10-04,MIA,MIN,total,,42.5,0.37,0.39,0.37,2795.17,2397.56,KXNFLTOTAL-26OCT04MIAMIN-43,2026-10-06T20:05:00Z
2026-09-29T22:53:24Z,2026,4,2026-10-04,MIA,MIN,total,,41.5,0.4,0.41,0.42,17869.55,16920.89,KXNFLTOTAL-26OCT04MIAMIN-42,2026-10-06T20:05:00Z
2026-09-29T22:53:24Z,2026,4,2026-10-04,MIA,MIN,total,,40.5,0.43,0.44,0.43,471.89,251.01,KXNFLTOTAL-26OCT04MIAMIN-41,2026-10-06T20:05:00Z
2026-09-29T22:53:24Z,2026,4,2026-10-04,MIA,MIN,total,,39.5,0.46,0.48,0.47,3412.31,3281.08,KXNFLTOTAL-26OCT04MIAMIN-40,2026-10-06T20:05:00Z
2026-09-29T22:53:24Z,2026,4,2026-10-04,MIA,MIN,total,,38.5,0.5,0.51,0.5,6632.6,6225.26,KXNFLTOTAL-26OCT04MIAMIN-39,2026-10-06T20:05:00Z
2026-09-29T22:53:24Z,2026,4,2026-10-04,MIA,MIN,total,,35.5,0.59,0.6,0.61,64.87,39.87,KXNFLTOTAL-26OCT04MIAMIN-36,2026-10-06T20:05:00Z
2026-09-29T22:53:24Z,2026,4,2026-10-04,MIA,MIN,total,,32.5,0.69,0.7,0.7,2308.6,833.6,KXNFLTOTAL-26OCT04MIAMIN-33,2026-10-06T20:05:00Z
2026-09-29T22:53:24Z,2026,4,2026-10-04,MIA,MIN,total,,29.5,0.77,0.78,0.78,2201.77,2009.73,KXNFLTOTAL-26OCT04MIAMIN-30,2026-10-06T20:05:00Z
2026-09-29T22:53:24Z,2026,4,2026-10-04,MIA,MIN,total,,26.5,0.84,0.85,0.85,5597.01,5422.01,KXNFLTOTAL-26OCT04MIAMIN-27,2026-10-06T20:05:00Z
2026-09-29T22:53:24Z,2026,4,2026-10-04,MIA,MIN,total,,23.5,0.89,0.9,0.91,19444.85,15651.71,KXNFLTOTAL-26OCT04MIAMIN-24,2026-10-06T20:05:00Z
2026-09-29T22:53:24Z,2026,4,2026-10-04,MIA,MIN,total,,20.5,0.93,0.94,0.95,2161.28,2161.28,KXNFLTOTAL-26OCT04MIAMIN-21,2026-10-06T20:05:00Z
2026-09-29T22:53:24Z,2026,4,2026-10-04,TEN,BAL,total,,64.5,0.06,0.07,0.06,1114.68,1114.68,KXNFLTOTAL-26OCT04TENBAL-65,2026-10-06T17:00:00Z
2026-09-29T22:53:24Z,2026,4,2026-10-04,TEN,BAL,total,,61.5,0.08,0.09,0.08,1200.0,1200.0,KXNFLTOTAL-26OCT04TENBAL-62,2026-10-06T17:00:00Z
2026-09-29T22:53:24Z,2026,4,2026-10-04,TEN,BAL,total,,58.5,0.13,0.14,0.13,5654.0,5462.0,KXNFLTOTAL-26OCT04TENBAL-59,2026-10-06T17:00:00Z
2026-09-29T22:53:24Z,2026,4,2026-10-04,TEN,BAL,total,,55.5,0.17,0.18,0.16,15788.4,15478.0,KXNFLTOTAL-26OCT04TENBAL-56,2026-10-06T17:00:00Z
2026-09-29T22:53:24Z,2026,4,2026-10-04,TEN,BAL,total,,52.5,0.23,0.25,0.26,16239.89,15965.23,KXNFLTOTAL-26OCT04TENBAL-53,2026-10-06T17:00:00Z
2026-09-29T22:53:24Z,2026,4,2026-10-04,TEN,BAL,total,,49.5,0.32,0.34,0.32,15335.0,15330.0,KXNFLTOTAL-26OCT04TENBAL-50,2026-10-06T17:00:00Z
2026-09-29T22:53:24Z,2026,4,2026-10-04,TEN,BAL,total,,46.5,0.41,0.42,0.41,18968.01,18707.77,KXNFLTOTAL-26OCT04TENBAL-47,2026-10-06T17:00:00Z
2026-09-29T22:53:24Z,2026,4,2026-10-04,TEN,BAL,total,,45.5,0.43,0.44,0.44,2312.32,2161.0,KXNFLTOTAL-26OCT04TENBAL-46,2026-10-06T17:00:00Z
2026-09-29T22:53:24Z,2026,4,2026-10-04,TEN,BAL,total,,44.5,0.46,0.47,0.47,76.0,72.0,KXNFLTOTAL-26OCT04TENBAL-45,2026-10-06T17:00:00Z
2026-09-29T22:53:24Z,2026,4,2026-10-04,TEN,BAL,total,,43.5,0.49,0.5,0.5,723.56,686.93,KXNFLTOTAL-26OCT04TENBAL-44,2026-10-06T17:00:00Z
2026-09-29T22:53:24Z,2026,4,2026-10-04,TEN,BAL,total,,42.5,0.54,0.55,0.54,1213.75,1155.75,KXNFLTOTAL-26OCT04TENBAL-43,2026-10-06T17:00:00Z
2026-09-29T22:53:24Z,2026,4,2026-10-04,TEN,BAL,total,,41.5,0.56,0.57,0.58,94.85,94.85,KXNFLTOTAL-26OCT04TENBAL-42,2026-10-06T17:00:00Z
2026-09-29T22:53:24Z,2026,4,2026-10-04,TEN,BAL,total,,40.5,0.6,0.61,0.0,0.0,0.0,KXNFLTOTAL-26OCT04TENBAL-41,2026-10-06T17:00:00Z
2026-09-29T22:53:24Z,2026,4,2026-10-04,TEN,BAL,total,,37.5,0.69,0.7,0.69,124.07,98.07,KXNFLTOTAL-26OCT04TENBAL-38,2026-10-06T17:00:00Z
2026-09-29T22:53:24Z,2026,4,2026-10-04,TEN,BAL,total,,34.5,0.78,0.79,0.78,5577.69,5217.2,KXNFLTOTAL-26OCT04TENBAL-35,2026-10-06T17:00:00Z
2026-09-29T22:53:24Z,2026,4,2026-10-04,TEN,BAL,total,,31.5,0.85,0.86,0.85,2193.0,1747.0,KXNFLTOTAL-26OCT04TENBAL-32,2026-10-06T17:00:00Z
2026-09-29T22:53:24Z,2026,4,2026-10-04,TEN,BAL,total,,28.5,0.9,0.92,0.9,3025.03,2975.03,KXNFLTOTAL-26OCT04TENBAL-29,2026-10-06T17:00:00Z
2026-09-29T22:53:24Z,2026,4,2026-10-04,TEN,BAL,total,,25.5,0.94,0.96,0.93,2566.85,2541.85,KXNFLTOTAL-26OCT04TENBAL-26,2026-10-06T17:00:00Z
2026-09-29T22:53:24Z,2026,4,2026-10-04,TEN,BAL,total,,22.5,0.97,0.98,0.96,20212.62,10094.23,KXNFLTOTAL-26OCT04TENBAL-23,2026-10-06T17:00:00Z
2026-09-29T22:53:24Z,2026,4,2026-10-04,DAL,HOU,total,,68.5,0.07,0.08,0.06,4022.37,2932.37,KXNFLTOTAL-26OCT04DALHOU-69,2026-10-06T17:00:00Z
2026-09-29T22:53:24Z,2026,4,2026-10-04,DAL,HOU,total,,65.5,0.09,0.1,0.09,1255.0,1255.0,KXNFLTOTAL-26OCT04DALHOU-66,2026-10-06T17:00:00Z
2026-09-29T22:53:24Z,2026,4,2026-10-04,DAL,HOU,total,,62.5,0.14,0.15,0.13,1063.69,1063.69,KXNFLTOTAL-26OCT04DALHOU-63,2026-10-06T17:00:00Z
2026-09-29T22:53:24Z,2026,4,2026-10-04,DAL,HOU,total,,59.5,0.18,0.2,0.19,12.55,12.55,KXNFLTOTAL-26OCT04DALHOU-60,2026-10-06T17:00:00Z
2026-09-29T22:53:24Z,2026,4,2026-10-04,DAL,HOU,total,,56.5,0.26,0.28,0.22,5.0,5.0,KXNFLTOTAL-26OCT04DALHOU-57,2026-10-06T17:00:00Z
2026-09-29T22:53:24Z,2026,4,2026-10-04,DAL,HOU,total,,53.5,0.34,0.35,0.35,21.0,13.0,KXNFLTOTAL-26OCT04DALHOU-54,2026-10-06T17:00:00Z
2026-09-29T22:53:24Z,2026,4,2026-10-04,DAL,HOU,total,,50.5,0.42,0.43,0.41,16193.98,16111.08,KXNFLTOTAL-26OCT04DALHOU-51,2026-10-06T17:00:00Z
2026-09-29T22:53:24Z,2026,4,2026-10-04,DAL,HOU,total,,49.5,0.45,0.46,0.45,128.35,100.49,KXNFLTOTAL-26OCT04DALHOU-50,2026-10-06T17:00:00Z
2026-09-29T22:53:24Z,2026,4,2026-10-04,DAL,HOU,total,,48.5,0.48,0.49,0.48,3238.15,3238.15,KXNFLTOTAL-26OCT04DALHOU-49,2026-10-06T17:00:00Z
2026-09-29T22:53:24Z,2026,4,2026-10-04,DAL,HOU,total,,47.5,0.51,0.53,0.52,388.36,329.36,KXNFLTOTAL-26OCT04DALHOU-48,2026-10-06T17:00:00Z
2026-09-29T22:53:24Z,2026,4,2026-10-04,DAL,HOU,total,,46.5,0.55,0.56,0.0,0.0,0.0,KXNFLTOTAL-26OCT04DALHOU-47,2026-10-06T17:00:00Z
2026-09-29T22:53:24Z,2026,4,2026-10-04,DAL,HOU,total,,45.5,0.58,0.59,0.78,550.0,550.0,KXNFLTOTAL-26OCT04DALHOU-46,2026-10-06T17:00:00Z
2026-09-29T22:53:24Z,2026,4,2026-10-04,DAL,HOU,total,,44.5,0.6,0.61,0.0,0.0,0.0,KXNFLTOTAL-26OCT04DALHOU-45,2026-10-06T17:00:00Z
2026-09-29T22:53:24Z,2026,4,2026-10-04,DAL,HOU,total,,41.5,0.68,0.7,0.63,8.0,8.0,KXNFLTOTAL-26OCT04DALHOU-42,2026-10-06T17:00:00Z
2026-09-29T22:53:24Z,2026,4,2026-10-04,DAL,HOU,total,,38.5,0.76,0.78,0.0,0.0,0.0,KXNFLTOTAL-26OCT04DALHOU-39,2026-10-06T17:00:00Z
2026-09-29T22:53:24Z,2026,4,2026-10-04,DAL,HOU,total,,35.5,0.83,0.85,0.0,0.0,0.0,KXNFLTOTAL-26OCT04DALHOU-36,2026-10-06T17:00:00Z
2026-09-29T22:53:24Z,2026,4,2026-10-04,DAL,HOU,total,,32.5,0.89,0.91,0.9,17841.0,15005.58,KXNFLTOTAL-26OCT04DALHOU-33,2026-10-06T17:00:00Z
2026-09-29T22:53:24Z,2026,4,2026-10-04,DAL,HOU,total,,29.5,0.92,0.93,0.92,22249.17,15152.17,KXNFLTOTAL-26OCT04DALHOU-30,2026-10-06T17:00:00Z
2026-09-29T22:53:24Z,2026,4,2026-10-04,DAL,HOU,total,,26.5,0.95,0.96,0.95,20548.58,15604.58,KXNFLTOTAL-26OCT04DALHOU-27,2026-10-06T17:00:00Z
2026-09-29T22:53:24Z,2026,4,2026-10-04,LAC,SEA,total,,64.5,0.05,0.06,0.05,3667.64,3667.64,KXNFLTOTAL-26OCT04LACSEA-65,2026-10-06T20:25:00Z
2026-09-29T22:53:24Z,2026,4,2026-10-04,LAC,SEA,total,,61.5,0.08,0.09,0.08,3360.31,3360.31,KXNFLTOTAL-26OCT04LACSEA-62,2026-10-06T20:25:00Z
2026-09-29T22:53:24Z,2026,4,2026-10-04,LAC,SEA,total,,58.5,0.11,0.12,0.12,390.26,390.26,KXNFLTOTAL-26OCT04LACSEA-59,2026-10-06T20:25:00Z
2026-09-29T22:53:24Z,2026,4,2026-10-04,LAC,SEA,total,,55.5,0.16,0.17,0.16,403.0,382.0,KXNFLTOTAL-26OCT04LACSEA-56,2026-10-06T20:25:00Z
2026-09-29T22:53:24Z,2026,4,2026-10-04,LAC,SEA,total,,52.5,0.23,0.24,0.23,227.0,227.0,KXNFLTOTAL-26OCT04LACSEA-53,2026-10-06T20:25:00Z
2026-09-29T22:53:24Z,2026,4,2026-10-04,LAC,SEA,total,,49.5,0.31,0.32,0.32,16250.0,10678.0,KXNFLTOTAL-26OCT04LACSEA-50,2026-10-06T20:25:00Z
2026-09-29T22:53:24Z,2026,4,2026-10-04,LAC,SEA,total,,46.5,0.38,0.39,0.38,1183.0,963.0,KXNFLTOTAL-26OCT04LACSEA-47,2026-10-06T20:25:00Z
2026-09-29T22:53:24Z,2026,4,2026-10-04,LAC,SEA,total,,45.5,0.41,0.42,0.4,17300.03,13473.01,KXNFLTOTAL-26OCT04LACSEA-46,2026-10-06T20:25:00Z
2026-09-29T22:53:24Z,2026,4,2026-10-04,LAC,SEA,total,,44.5,0.43,0.45,0.43,1653.23,1524.23,KXNFLTOTAL-26OCT04LACSEA-45,2026-10-06T20:25:00Z
2026-09-29T22:53:24Z,2026,4,2026-10-04,LAC,SEA,total,,43.5,0.47,0.48,0.47,509.9,479.75,KXNFLTOTAL-26OCT04LACSEA-44,2026-10-06T20:25:00Z
2026-09-29T22:53:24Z,2026,4,2026-10-04,LAC,SEA,total,,42.5,0.51,0.52,0.52,2737.86,2461.39,KXNFLTOTAL-26OCT04LACSEA-43,2026-10-06T20:25:00Z
2026-09-29T22:53:24Z,2026,4,2026-10-04,LAC,SEA,total,,41.5,0.54,0.55,0.54,13611.0,13611.0,KXNFLTOTAL-26OCT04LACSEA-42,2026-10-06T20:25:00Z
2026-09-29T22:53:24Z,2026,4,2026-10-04,LAC,SEA,total,,40.5,0.57,0.59,0.59,15558.7,15558.7,KXNFLTOTAL-26OCT04LACSEA-41,2026-10-06T20:25:00Z
2026-09-29T22:53:24Z,2026,4,2026-10-04,LAC,SEA,total,,37.5,0.66,0.68,0.67,2892.44,1983.44,KXNFLTOTAL-26OCT04LACSEA-38,2026-10-06T20:25:00Z
2026-09-29T22:53:24Z,2026,4,2026-10-04,LAC,SEA,total,,34.5,0.75,0.77,0.75,2640.0,1372.0,KXNFLTOTAL-26OCT04LACSEA-35,2026-10-06T20:25:00Z
2026-09-29T22:53:24Z,2026,4,2026-10-04,LAC,SEA,total,,31.5,0.83,0.85,0.83,33964.36,31343.0,KXNFLTOTAL-26OCT04LACSEA-32,2026-10-06T20:25:00Z
2026-09-29T22:53:24Z,2026,4,2026-10-04,LAC,SEA,total,,28.5,0.88,0.89,0.9,19919.51,19327.15,KXNFLTOTAL-26OCT04LACSEA-29,2026-10-06T20:25:00Z
2026-09-29T22:53:24Z,2026,4,2026-10-04,LAC,SEA,total,,25.5,0.93,0.94,0.94,36324.15,9582.15,KXNFLTOTAL-26OCT04LACSEA-26,2026-10-06T20:25:00Z
2026-09-29T22:53:24Z,2026,4,2026-10-04,LAC,SEA,total,,22.5,0.95,0.97,0.96,21108.78,10358.54,KXNFLTOTAL-26OCT04LACSEA-23,2026-10-06T20:25:00Z
2026-09-29T22:53:24Z,2026,4,2026-10-04,ARI,NYG,total,,64.5,0.06,0.07,0.06,1381.68,1381.68,KXNFLTOTAL-26OCT04ARINYG-65,2026-10-06T17:00:00Z
2026-09-29T22:53:24Z,2026,4,2026-10-04,ARI,NYG,total,,61.5,0.1,0.11,0.09,6483.95,6461.38,KXNFLTOTAL-26OCT04ARINYG-62,2026-10-06T17:00:00Z
2026-09-29T22:53:24Z,2026,4,2026-10-04,ARI,NYG,total,,58.5,0.13,0.14,0.14,537.89,537.89,KXNFLTOTAL-26OCT04ARINYG-59,2026-10-06T17:00:00Z
2026-09-29T22:53:24Z,2026,4,2026-10-04,ARI,NYG,total,,55.5,0.19,0.2,0.19,3901.99,2651.99,KXNFLTOTAL-26OCT04ARINYG-56,2026-10-06T17:00:00Z
2026-09-29T22:53:24Z,2026,4,2026-10-04,ARI,NYG,total,,52.5,0.26,0.27,0.0,0.0,0.0,KXNFLTOTAL-26OCT04ARINYG-53,2026-10-06T17:00:00Z
2026-09-29T22:53:24Z,2026,4,2026-10-04,ARI,NYG,total,,49.5,0.34,0.36,0.35,88.52,31.0,KXNFLTOTAL-26OCT04ARINYG-50,2026-10-06T17:00:00Z
2026-09-29T22:53:24Z,2026,4,2026-10-04,ARI,NYG,total,,46.5,0.42,0.43,0.42,625.0,475.0,KXNFLTOTAL-26OCT04ARINYG-47,2026-10-06T17:00:00Z
2026-09-29T22:53:24Z,2026,4,2026-10-04,ARI,NYG,total,,45.5,0.45,0.46,0.45,12563.67,12563.67,KXNFLTOTAL-26OCT04ARINYG-46,2026-10-06T17:00:00Z
2026-09-29T22:53:24Z,2026,4,2026-10-04,ARI,NYG,total,,44.5,0.49,0.5,0.5,13156.47,13104.9,KXNFLTOTAL-26OCT04ARINYG-45,2026-10-06T17:00:00Z
2026-09-29T22:53:24Z,2026,4,2026-10-04,ARI,NYG,total,,43.5,0.52,0.53,0.53,2048.92,1090.52,KXNFLTOTAL-26OCT04ARINYG-44,2026-10-06T17:00:00Z
2026-09-29T22:53:24Z,2026,4,2026-10-04,ARI,NYG,total,,42.5,0.55,0.57,0.56,15.0,15.0,KXNFLTOTAL-26OCT04ARINYG-43,2026-10-06T17:00:00Z
2026-09-29T22:53:24Z,2026,4,2026-10-04,ARI,NYG,total,,41.5,0.58,0.6,0.59,195.52,195.52,KXNFLTOTAL-26OCT04ARINYG-42,2026-10-06T17:00:00Z
2026-09-29T22:53:24Z,2026,4,2026-10-04,ARI,NYG,total,,40.5,0.61,0.63,0.62,3301.79,917.79,KXNFLTOTAL-26OCT04ARINYG-41,2026-10-06T17:00:00Z
2026-09-29T22:53:24Z,2026,4,2026-10-04,ARI,NYG,total,,37.5,0.69,0.7,0.69,19082.47,11918.0,KXNFLTOTAL-26OCT04ARINYG-38,2026-10-06T17:00:00Z
2026-09-29T22:53:24Z,2026,4,2026-10-04,ARI,NYG,total,,34.5,0.77,0.79,0.71,15045.63,15044.63,KXNFLTOTAL-26OCT04ARINYG-35,2026-10-06T17:00:00Z
2026-09-29T22:53:24Z,2026,4,2026-10-04,ARI,NYG,total,,31.5,0.84,0.85,0.84,53485.73,49295.75,KXNFLTOTAL-26OCT04ARINYG-32,2026-10-06T17:00:00Z
2026-09-29T22:53:24Z,2026,4,2026-10-04,ARI,NYG,total,,28.5,0.89,0.9,0.9,23867.72,15258.86,KXNFLTOTAL-26OCT04ARINYG-29,2026-10-06T17:00:00Z
2026-09-29T22:53:24Z,2026,4,2026-10-04,ARI,NYG,total,,25.5,0.94,0.95,0.93,33983.0,15704.67,KXNFLTOTAL-26OCT04ARINYG-26,2026-10-06T17:00:00Z
2026-09-29T22:53:24Z,2026,4,2026-10-04,ARI,NYG,total,,22.5,0.95,0.97,0.96,30720.98,30605.49,KXNFLTOTAL-26OCT04ARINYG-23,2026-10-06T17:00:00Z
2026-09-29T22:53:24Z,2026,4,2026-10-04,LAR,PHI,total,,66.5,0.04,0.05,0.04,16109.65,14855.27,KXNFLTOTAL-26OCT04LARPHI-67,2026-10-06T17:00:00Z
2026-09-29T22:53:24Z,2026,4,2026-10-04,LAR,PHI,total,,63.5,0.06,0.07,0.08,5368.75,4310.34,KXNFLTOTAL-26OCT04LARPHI-64,2026-10-06T17:00:00Z
2026-09-29T22:53:24Z,2026,4,2026-10-04,LAR,PHI,total,,60.5,0.11,0.12,0.12,16156.22,12921.69,KXNFLTOTAL-26OCT04LARPHI-61,2026-10-06T17:00:00Z
2026-09-29T22:53:24Z,2026,4,2026-10-04,LAR,PHI,total,,57.5,0.14,0.15,0.17,16364.5,14946.41,KXNFLTOTAL-26OCT04LARPHI-58,2026-10-06T17:00:00Z
2026-09-29T22:53:24Z,2026,4,2026-10-04,LAR,PHI,total,,54.5,0.19,0.21,0.2,2445.94,1336.47,KXNFLTOTAL-26OCT04LARPHI-55,2026-10-06T17:00:00Z
2026-09-29T22:53:24Z,2026,4,2026-10-04,LAR,PHI,total,,51.5,0.26,0.27,0.28,2297.38,1955.33,KXNFLTOTAL-26OCT04LARPHI-52,2026-10-06T17:00:00Z
2026-09-29T22:53:24Z,2026,4,2026-10-04,LAR,PHI,total,,48.5,0.34,0.36,0.41,408.84,358.0,KXNFLTOTAL-26OCT04LARPHI-49,2026-10-06T17:00:00Z
2026-09-29T22:53:24Z,2026,4,2026-10-04,LAR,PHI,total,,47.5,0.38,0.39,0.39,578.78,514.78,KXNFLTOTAL-26OCT04LARPHI-48,2026-10-06T17:00:00Z
2026-09-29T22:53:24Z,2026,4,2026-10-04,LAR,PHI,total,,46.5,0.41,0.42,0.42,1248.35,1216.76,KXNFLTOTAL-26OCT04LARPHI-47,2026-10-06T17:00:00Z
2026-09-29T22:53:24Z,2026,4,2026-10-04,LAR,PHI,total,,45.5,0.43,0.44,0.45,2045.47,2035.47,KXNFLTOTAL-26OCT04LARPHI-46,2026-10-06T17:00:00Z
2026-09-29T22:53:24Z,2026,4,2026-10-04,LAR,PHI,total,,44.5,0.46,0.47,0.46,48026.81,40169.03,KXNFLTOTAL-26OCT04LARPHI-45,2026-10-06T17:00:00Z
2026-09-29T22:53:24Z,2026,4,2026-10-04,LAR,PHI,total,,43.5,0.5,0.51,0.5,23042.75,10531.33,KXNFLTOTAL-26OCT04LARPHI-44,2026-10-06T17:00:00Z
2026-09-29T22:53:24Z,2026,4,2026-10-04,LAR,PHI,total,,42.5,0.54,0.55,0.55,2653.26,2108.16,KXNFLTOTAL-26OCT04LARPHI-43,2026-10-06T17:00:00Z
2026-09-29T22:53:24Z,2026,4,2026-10-04,LAR,PHI,total,,39.5,0.64,0.65,0.64,4240.78,1359.0,KXNFLTOTAL-26OCT04LARPHI-40,2026-10-06T17:00:00Z
2026-09-29T22:53:24Z,2026,4,2026-10-04,LAR,PHI,total,,36.5,0.72,0.73,0.72,4992.51,1262.26,KXNFLTOTAL-26OCT04LARPHI-37,2026-10-06T17:00:00Z
2026-09-29T22:53:24Z,2026,4,2026-10-04,LAR,PHI,total,,33.5,0.8,0.81,0.8,33188.82,1791.18,KXNFLTOTAL-26OCT04LARPHI-34,2026-10-06T17:00:00Z
2026-09-29T22:53:24Z,2026,4,2026-10-04,LAR,PHI,total,,30.5,0.86,0.87,0.86,14723.86,12823.01,KXNFLTOTAL-26OCT04LARPHI-31,2026-10-06T17:00:00Z
2026-09-29T22:53:24Z,2026,4,2026-10-04,LAR,PHI,total,,27.5,0.91,0.92,0.93,37117.92,9782.02,KXNFLTOTAL-26OCT04LARPHI-28,2026-10-06T17:00:00Z
2026-09-29T22:53:24Z,2026,4,2026-10-04,LAR,PHI,total,,24.5,0.94,0.96,0.96,36310.61,20969.42,KXNFLTOTAL-26OCT04LARPHI-25,2026-10-06T17:00:00Z
2026-09-29T22:53:24Z,2026,4,2026-10-04,GB,TB,total,,67.5,0.01,0.03,0.02,18.35,18.35,KXNFLTOTAL-26OCT04GBTB-68,2026-10-06T17:00:00Z
2026-09-29T22:53:24Z,2026,4,2026-10-04,GB,TB,total,,64.5,0.04,0.05,0.04,17143.89,15573.89,KXNFLTOTAL-26OCT04GBTB-65,2026-10-06T17:00:00Z
2026-09-29T22:53:24Z,2026,4,2026-10-04,GB,TB,total,,61.5,0.04,0.05,0.04,717.0,717.0,KXNFLTOTAL-26OCT04GBTB-62,2026-10-06T17:00:00Z
2026-09-29T22:53:24Z,2026,4,2026-10-04,GB,TB,total,,58.5,0.07,0.08,0.08,18526.79,10892.79,KXNFLTOTAL-26OCT04GBTB-59,2026-10-06T17:00:00Z
2026-09-29T22:53:24Z,2026,4,2026-10-04,GB,TB,total,,55.5,0.1,0.11,0.11,19204.4,7917.4,KXNFLTOTAL-26OCT04GBTB-56,2026-10-06T17:00:00Z
2026-09-29T22:53:24Z,2026,4,2026-10-04,GB,TB,total,,52.5,0.15,0.16,0.15,9498.56,7049.36,KXNFLTOTAL-26OCT04GBTB-53,2026-10-06T17:00:00Z
2026-09-29T22:53:24Z,2026,4,2026-10-04,GB,TB,total,,49.5,0.21,0.22,0.21,30823.47,21575.55,KXNFLTOTAL-26OCT04GBTB-50,2026-10-06T17:00:00Z
2026-09-29T22:53:24Z,2026,4,2026-10-04,GB,TB,total,,48.5,0.23,0.24,0.25,21273.75,9291.83,KXNFLTOTAL-26OCT04GBTB-49,2026-10-06T17:00:00Z
2026-09-29T22:53:24Z,2026,4,2026-10-04,GB,TB,total,,47.5,0.26,0.27,0.27,22759.81,9975.81,KXNFLTOTAL-26OCT04GBTB-48,2026-10-06T17:00:00Z
2026-09-29T22:53:24Z,2026,4,2026-10-04,GB,TB,total,,46.5,0.28,0.29,0.29,22926.51,6794.04,KXNFLTOTAL-26OCT04GBTB-47,2026-10-06T17:00:00Z
2026-09-29T22:53:24Z,2026,4,2026-10-04,GB,TB,total,,45.5,0.31,0.33,0.33,23329.86,10169.83,KXNFLTOTAL-26OCT04GBTB-46,2026-10-06T17:00:00Z
2026-09-29T22:53:24Z,2026,4,2026-10-04,GB,TB,total,,44.5,0.34,0.35,0.35,70618.47,55315.84,KXNFLTOTAL-26OCT04GBTB-45,2026-10-06T17:00:00Z
2026-09-29T22:53:24Z,2026,4,2026-10-04,GB,TB,total,,43.5,0.36,0.37,0.37,60332.97,59877.66,KXNFLTOTAL-26OCT04GBTB-44,2026-10-06T17:00:00Z
2026-09-29T22:53:24Z,2026,4,2026-10-04,GB,TB,total,,40.5,0.46,0.47,0.47,35035.55,16217.94,KXNFLTOTAL-26OCT04GBTB-41,2026-10-06T17:00:00Z
2026-09-29T22:53:24Z,2026,4,2026-10-04,GB,TB,total,,37.5,0.55,0.56,0.56,48843.94,34279.43,KXNFLTOTAL-26OCT04GBTB-38,2026-10-06T17:00:00Z
2026-09-29T22:53:24Z,2026,4,2026-10-04,GB,TB,total,,34.5,0.65,0.66,0.66,24373.15,8575.29,KXNFLTOTAL-26OCT04GBTB-35,2026-10-06T17:00:00Z
2026-09-29T22:53:24Z,2026,4,2026-10-04,GB,TB,total,,31.5,0.74,0.75,0.75,46989.2,11965.61,KXNFLTOTAL-26OCT04GBTB-32,2026-10-06T17:00:00Z
2026-09-29T22:53:24Z,2026,4,2026-10-04,GB,TB,total,,28.5,0.81,0.82,0.82,49656.11,15457.51,KXNFLTOTAL-26OCT04GBTB-29,2026-10-06T17:00:00Z
2026-09-29T22:53:24Z,2026,4,2026-10-04,GB,TB,total,,25.5,0.87,0.88,0.87,30690.93,592.93,KXNFLTOTAL-26OCT04GBTB-26,2026-10-06T17:00:00Z
2026-09-29T22:53:24Z,2026,4,2026-10-04,JAX,CIN,total,,70.5,0.09,0.1,0.09,1890.22,1890.22,KXNFLTOTAL-26OCT04JACCIN-71,2026-10-06T17:00:00Z
2026-09-29T22:53:24Z,2026,4,2026-10-04,JAX,CIN,total,,67.5,0.11,0.12,0.12,3314.33,3314.33,KXNFLTOTAL-26OCT04JACCIN-68,2026-10-06T17:00:00Z
2026-09-29T22:53:24Z,2026,4,2026-10-04,JAX,CIN,total,,64.5,0.16,0.18,0.0,0.0,0.0,KXNFLTOTAL-26OCT04JACCIN-65,2026-10-06T17:00:00Z
2026-09-29T22:53:24Z,2026,4,2026-10-04,JAX,CIN,total,,61.5,0.21,0.23,0.18,129.56,129.56,KXNFLTOTAL-26OCT04JACCIN-62,2026-10-06T17:00:00Z
2026-09-29T22:53:24Z,2026,4,2026-10-04,JAX,CIN,total,,58.5,0.29,0.3,0.31,3747.0,3714.0,KXNFLTOTAL-26OCT04JACCIN-59,2026-10-06T17:00:00Z
2026-09-29T22:53:24Z,2026,4,2026-10-04,JAX,CIN,total,,55.5,0.35,0.38,0.38,220.34,50.34,KXNFLTOTAL-26OCT04JACCIN-56,2026-10-06T17:00:00Z
2026-09-29T22:53:24Z,2026,4,2026-10-04,JAX,CIN,total,,52.5,0.45,0.46,0.46,9.0,9.0,KXNFLTOTAL-26OCT04JACCIN-53,2026-10-06T17:00:00Z
2026-09-29T22:53:24Z,2026,4,2026-10-04,JAX,CIN,total,,51.5,0.48,0.49,0.49,8051.34,7229.59,KXNFLTOTAL-26OCT04JACCIN-52,2026-10-06T17:00:00Z
2026-09-29T22:53:24Z,2026,4,2026-10-04,JAX,CIN,total,,50.5,0.53,0.54,0.54,2262.55,2262.55,KXNFLTOTAL-26OCT04JACCIN-51,2026-10-06T17:00:00Z
2026-09-29T22:53:24Z,2026,4,2026-10-04,JAX,CIN,total,,49.5,0.54,0.56,0.56,152.52,152.52,KXNFLTOTAL-26OCT04JACCIN-50,2026-10-06T17:00:00Z
2026-09-29T22:53:24Z,2026,4,2026-10-04,JAX,CIN,total,,48.5,0.57,0.59,0.57,1848.8,1012.0,KXNFLTOTAL-26OCT04JACCIN-49,2026-10-06T17:00:00Z
2026-09-29T22:53:24Z,2026,4,2026-10-04,JAX,CIN,total,,47.5,0.6,0.61,0.62,16625.53,13686.07,KXNFLTOTAL-26OCT04JACCIN-48,2026-10-06T17:00:00Z
2026-09-29T22:53:24Z,2026,4,2026-10-04,JAX,CIN,total,,46.5,0.62,0.64,0.65,13988.18,13911.18,KXNFLTOTAL-26OCT04JACCIN-47,2026-10-06T17:00:00Z
2026-09-29T22:53:24Z,2026,4,2026-10-04,JAX,CIN,total,,43.5,0.71,0.72,0.72,16882.96,15739.78,KXNFLTOTAL-26OCT04JACCIN-44,2026-10-06T17:00:00Z
2026-09-29T22:53:24Z,2026,4,2026-10-04,JAX,CIN,total,,40.5,0.79,0.8,0.81,5230.58,2705.54,KXNFLTOTAL-26OCT04JACCIN-41,2026-10-06T17:00:00Z
2026-09-29T22:53:24Z,2026,4,2026-10-04,JAX,CIN,total,,37.5,0.84,0.85,0.86,20060.46,10035.52,KXNFLTOTAL-26OCT04JACCIN-38,2026-10-06T17:00:00Z
2026-09-29T22:53:24Z,2026,4,2026-10-04,JAX,CIN,total,,34.5,0.9,0.91,0.91,19535.91,11792.27,KXNFLTOTAL-26OCT04JACCIN-35,2026-10-06T17:00:00Z
2026-09-29T22:53:24Z,2026,4,2026-10-04,JAX,CIN,total,,31.5,0.93,0.94,0.93,49073.67,22929.51,KXNFLTOTAL-26OCT04JACCIN-32,2026-10-06T17:00:00Z
2026-09-29T22:53:24Z,2026,4,2026-10-04,JAX,CIN,total,,28.5,0.95,0.97,0.95,38002.54,37887.3,KXNFLTOTAL-26OCT04JACCIN-29,2026-10-06T17:00:00Z
2026-09-29T22:53:24Z,2026,4,2026-10-04,NE,BUF,total,,69.5,0.07,0.08,0.06,2204.14,2136.05,KXNFLTOTAL-26OCT04NEBUF-70,2026-10-06T17:00:00Z
2026-09-29T22:53:24Z,2026,4,2026-10-04,NE,BUF,total,,66.5,0.09,0.1,0.09,11184.8,10960.19,KXNFLTOTAL-26OCT04NEBUF-67,2026-10-06T17:00:00Z
2026-09-29T22:53:24Z,2026,4,2026-10-04,NE,BUF,total,,63.5,0.13,0.15,0.0,0.0,0.0,KXNFLTOTAL-26OCT04NEBUF-64,2026-10-06T17:00:00Z
2026-09-29T22:53:24Z,2026,4,2026-10-04,NE,BUF,total,,60.5,0.19,0.2,0.14,101.0,100.0,KXNFLTOTAL-26OCT04NEBUF-61,2026-10-06T17:00:00Z
2026-09-29T22:53:24Z,2026,4,2026-10-04,NE,BUF,total,,57.5,0.24,0.26,0.21,201.0,201.0,KXNFLTOTAL-26OCT04NEBUF-58,2026-10-06T17:00:00Z
2026-09-29T22:53:24Z,2026,4,2026-10-04,NE,BUF,total,,54.5,0.32,0.34,0.32,261.37,247.0,KXNFLTOTAL-26OCT04NEBUF-55,2026-10-06T17:00:00Z
2026-09-29T22:53:24Z,2026,4,2026-10-04,NE,BUF,total,,51.5,0.4,0.42,0.38,1285.43,1260.43,KXNFLTOTAL-26OCT04NEBUF-52,2026-10-06T17:00:00Z
2026-09-29T22:53:24Z,2026,4,2026-10-04,NE,BUF,total,,50.5,0.44,0.46,0.41,2.0,2.0,KXNFLTOTAL-26OCT04NEBUF-51,2026-10-06T17:00:00Z
2026-09-29T22:53:24Z,2026,4,2026-10-04,NE,BUF,total,,49.5,0.47,0.49,0.47,484.87,484.87,KXNFLTOTAL-26OCT04NEBUF-50,2026-10-06T17:00:00Z
2026-09-29T22:53:24Z,2026,4,2026-10-04,NE,BUF,total,,48.5,0.5,0.51,0.51,5777.62,5538.05,KXNFLTOTAL-26OCT04NEBUF-49,2026-10-06T17:00:00Z
2026-09-29T22:53:24Z,2026,4,2026-10-04,NE,BUF,total,,47.5,0.52,0.53,0.53,18176.0,12515.0,KXNFLTOTAL-26OCT04NEBUF-48,2026-10-06T17:00:00Z
2026-09-29T22:53:24Z,2026,4,2026-10-04,NE,BUF,total,,46.5,0.57,0.58,0.56,3506.93,1904.33,KXNFLTOTAL-26OCT04NEBUF-47,2026-10-06T17:00:00Z
2026-09-29T22:53:24Z,2026,4,2026-10-04,NE,BUF,total,,45.5,0.6,0.61,0.57,215.0,165.0,KXNFLTOTAL-26OCT04NEBUF-46,2026-10-06T17:00:00Z
2026-09-29T22:53:24Z,2026,4,2026-10-04,NE,BUF,total,,42.5,0.68,0.7,0.69,36568.98,15266.98,KXNFLTOTAL-26OCT04NEBUF-43,2026-10-06T17:00:00Z
2026-09-29T22:53:24Z,2026,4,2026-10-04,NE,BUF,total,,39.5,0.75,0.78,0.76,30695.75,15127.75,KXNFLTOTAL-26OCT04NEBUF-40,2026-10-06T17:00:00Z
2026-09-29T22:53:24Z,2026,4,2026-10-04,NE,BUF,total,,36.5,0.82,0.83,0.83,4397.01,4267.01,KXNFLTOTAL-26OCT04NEBUF-37,2026-10-06T17:00:00Z
2026-09-29T22:53:24Z,2026,4,2026-10-04,NE,BUF,total,,33.5,0.87,0.88,0.88,20888.0,20804.0,KXNFLTOTAL-26OCT04NEBUF-34,2026-10-06T17:00:00Z
2026-09-29T22:53:24Z,2026,4,2026-10-04,NE,BUF,total,,30.5,0.91,0.92,0.92,26047.86,20344.86,KXNFLTOTAL-26OCT04NEBUF-31,2026-10-06T17:00:00Z
2026-09-29T22:53:24Z,2026,4,2026-10-04,NE,BUF,total,,27.5,0.95,0.96,0.94,4900.8,4774.56,KXNFLTOTAL-26OCT04NEBUF-28,2026-10-06T17:00:00Z
2026-09-29T22:53:24Z,2026,4,2026-10-04,NYJ,CHI,total,,63.5,0.05,0.06,0.06,1638.7,1638.7,KXNFLTOTAL-26OCT04NYJCHI-64,2026-10-06T17:00:00Z
2026-09-29T22:53:24Z,2026,4,2026-10-04,NYJ,CHI,total,,60.5,0.08,0.09,0.08,12088.86,11923.89,KXNFLTOTAL-26OCT04NYJCHI-61,2026-10-06T17:00:00Z
2026-09-29T22:53:24Z,2026,4,2026-10-04,NYJ,CHI,total,,57.5,0.11,0.12,0.13,76398.1,71751.76,KXNFLTOTAL-26OCT04NYJCHI-58,2026-10-06T17:00:00Z
2026-09-29T22:53:24Z,2026,4,2026-10-04,NYJ,CHI,total,,54.5,0.16,0.17,0.18,2937.88,1696.88,KXNFLTOTAL-26OCT04NYJCHI-55,2026-10-06T17:00:00Z
2026-09-29T22:53:24Z,2026,4,2026-10-04,NYJ,CHI,total,,51.5,0.21,0.23,0.23,5923.28,5776.0,KXNFLTOTAL-26OCT04NYJCHI-52,2026-10-06T17:00:00Z
2026-09-29T22:53:24Z,2026,4,2026-10-04,NYJ,CHI,total,,48.5,0.31,0.32,0.3,18249.83,17740.07,KXNFLTOTAL-26OCT04NYJCHI-49,2026-10-06T17:00:00Z
2026-09-29T22:53:24Z,2026,4,2026-10-04,NYJ,CHI,total,,45.5,0.4,0.41,0.43,762.08,685.08,KXNFLTOTAL-26OCT04NYJCHI-46,2026-10-06T17:00:00Z
2026-09-29T22:53:24Z,2026,4,2026-10-04,NYJ,CHI,total,,44.5,0.43,0.44,0.44,3737.74,2540.88,KXNFLTOTAL-26OCT04NYJCHI-45,2026-10-06T17:00:00Z
2026-09-29T22:53:24Z,2026,4,2026-10-04,NYJ,CHI,total,,43.5,0.47,0.48,0.48,7812.66,7613.16,KXNFLTOTAL-26OCT04NYJCHI-44,2026-10-06T17:00:00Z
2026-09-29T22:53:24Z,2026,4,2026-10-04,NYJ,CHI,total,,42.5,0.51,0.52,0.52,8546.99,5772.26,KXNFLTOTAL-26OCT04NYJCHI-43,2026-10-06T17:00:00Z
2026-09-29T22:53:24Z,2026,4,2026-10-04,NYJ,CHI,total,,41.5,0.53,0.54,0.53,13402.85,12890.98,KXNFLTOTAL-26OCT04NYJCHI-42,2026-10-06T17:00:00Z
2026-09-29T22:53:24Z,2026,4,2026-10-04,NYJ,CHI,total,,40.5,0.57,0.58,0.58,5268.0,3402.0,KXNFLTOTAL-26OCT04NYJCHI-41,2026-10-06T17:00:00Z
2026-09-29T22:53:24Z,2026,4,2026-10-04,NYJ,CHI,total,,39.5,0.59,0.6,0.6,3331.68,3331.68,KXNFLTOTAL-26OCT04NYJCHI-40,2026-10-06T17:00:00Z
2026-09-29T22:53:24Z,2026,4,2026-10-04,NYJ,CHI,total,,36.5,0.69,0.7,0.69,18703.25,10717.15,KXNFLTOTAL-26OCT04NYJCHI-37,2026-10-06T17:00:00Z
2026-09-29T22:53:24Z,2026,4,2026-10-04,NYJ,CHI,total,,33.5,0.76,0.77,0.76,77581.6,31879.62,KXNFLTOTAL-26OCT04NYJCHI-34,2026-10-06T17:00:00Z
2026-09-29T22:53:24Z,2026,4,2026-10-04,NYJ,CHI,total,,30.5,0.83,0.84,0.83,16729.38,1120.44,KXNFLTOTAL-26OCT04NYJCHI-31,2026-10-06T17:00:00Z
2026-09-29T22:53:24Z,2026,4,2026-10-04,NYJ,CHI,total,,27.5,0.88,0.89,0.89,7595.51,7055.59,KXNFLTOTAL-26OCT04NYJCHI-28,2026-10-06T17:00:00Z
2026-09-29T22:53:24Z,2026,4,2026-10-04,NYJ,CHI,total,,24.5,0.92,0.93,0.94,24196.0,23671.67,KXNFLTOTAL-26OCT04NYJCHI-25,2026-10-06T17:00:00Z
2026-09-29T22:53:24Z,2026,4,2026-10-04,NYJ,CHI,total,,21.5,0.95,0.96,0.95,323.48,208.24,KXNFLTOTAL-26OCT04NYJCHI-22,2026-10-06T17:00:00Z
2026-09-29T22:53:24Z,2026,4,2026-10-04,IND,WAS,total,,67.5,0.06,0.07,0.07,26534.55,12765.63,KXNFLTOTAL-26OCT04INDWAS-68,2026-10-06T13:30:00Z
2026-09-29T22:53:24Z,2026,4,2026-10-04,IND,WAS,total,,64.5,0.1,0.11,0.1,47175.12,36380.75,KXNFLTOTAL-26OCT04INDWAS-65,2026-10-06T13:30:00Z
2026-09-29T22:53:24Z,2026,4,2026-10-04,IND,WAS,total,,61.5,0.14,0.15,0.15,41772.11,14116.67,KXNFLTOTAL-26OCT04INDWAS-62,2026-10-06T13:30:00Z
2026-09-29T22:53:24Z,2026,4,2026-10-04,IND,WAS,total,,58.5,0.19,0.2,0.19,36355.55,3763.55,KXNFLTOTAL-26OCT04INDWAS-59,2026-10-06T13:30:00Z
2026-09-29T22:53:24Z,2026,4,2026-10-04,IND,WAS,total,,55.5,0.25,0.27,0.27,36609.0,15882.0,KXNFLTOTAL-26OCT04INDWAS-56,2026-10-06T13:30:00Z
2026-09-29T22:53:24Z,2026,4,2026-10-04,IND,WAS,total,,52.5,0.33,0.35,0.34,38571.92,4220.27,KXNFLTOTAL-26OCT04INDWAS-53,2026-10-06T13:30:00Z
2026-09-29T22:53:24Z,2026,4,2026-10-04,IND,WAS,total,,49.5,0.41,0.43,0.41,40408.04,15411.69,KXNFLTOTAL-26OCT04INDWAS-50,2026-10-06T13:30:00Z
2026-09-29T22:53:24Z,2026,4,2026-10-04,IND,WAS,total,,48.5,0.44,0.46,0.44,22742.78,22528.64,KXNFLTOTAL-26OCT04INDWAS-49,2026-10-06T13:30:00Z
2026-09-29T22:53:24Z,2026,4,2026-10-04,IND,WAS,total,,47.5,0.48,0.49,0.49,37088.43,16209.8,KXNFLTOTAL-26OCT04INDWAS-48,2026-10-06T13:30:00Z
2026-09-29T22:53:24Z,2026,4,2026-10-04,IND,WAS,total,,46.5,0.52,0.53,0.53,50911.47,11283.59,KXNFLTOTAL-26OCT04INDWAS-47,2026-10-06T13:30:00Z
2026-09-29T22:53:24Z,2026,4,2026-10-04,IND,WAS,total,,45.5,0.55,0.56,0.54,28712.57,28594.4,KXNFLTOTAL-26OCT04INDWAS-46,2026-10-06T13:30:00Z
2026-09-29T22:53:24Z,2026,4,2026-10-04,IND,WAS,total,,44.5,0.58,0.59,0.58,37932.32,11798.26,KXNFLTOTAL-26OCT04INDWAS-45,2026-10-06T13:30:00Z
2026-09-29T22:53:24Z,2026,4,2026-10-04,IND,WAS,total,,43.5,0.61,0.62,0.62,55858.4,24203.41,KXNFLTOTAL-26OCT04INDWAS-44,2026-10-06T13:30:00Z
2026-09-29T22:53:24Z,2026,4,2026-10-04,IND,WAS,total,,40.5,0.69,0.7,0.7,35468.51,30126.82,KXNFLTOTAL-26OCT04INDWAS-41,2026-10-06T13:30:00Z
2026-09-29T22:53:24Z,2026,4,2026-10-04,IND,WAS,total,,37.5,0.76,0.78,0.76,29673.9,22743.79,KXNFLTOTAL-26OCT04INDWAS-38,2026-10-06T13:30:00Z
2026-09-29T22:53:24Z,2026,4,2026-10-04,IND,WAS,total,,34.5,0.83,0.84,0.84,67316.04,8089.0,KXNFLTOTAL-26OCT04INDWAS-35,2026-10-06T13:30:00Z
2026-09-29T22:53:24Z,2026,4,2026-10-04,IND,WAS,total,,31.5,0.88,0.89,0.89,39666.48,25158.36,KXNFLTOTAL-26OCT04INDWAS-32,2026-10-06T13:30:00Z
2026-09-29T22:53:24Z,2026,4,2026-10-04,IND,WAS,total,,28.5,0.93,0.94,0.94,58617.57,27259.27,KXNFLTOTAL-26OCT04INDWAS-29,2026-10-06T13:30:00Z
2026-09-29T22:53:24Z,2026,4,2026-10-04,IND,WAS,total,,25.5,0.95,0.96,0.96,34987.82,31401.34,KXNFLTOTAL-26OCT04INDWAS-26,2026-10-06T13:30:00Z
2026-09-29T22:53:24Z,2026,4,2026-10-01,PIT,CLE,total,,59.5,0.04,0.05,0.04,639.1,628.8,KXNFLTOTAL-26OCT01PITCLE-60,2026-10-04T00:15:00Z
2026-09-29T22:53:24Z,2026,4,2026-10-01,PIT,CLE,total,,56.5,0.08,0.09,0.08,20122.5,19981.32,KXNFLTOTAL-26OCT01PITCLE-57,2026-10-04T00:15:00Z
2026-09-29T22:53:24Z,2026,4,2026-10-01,PIT,CLE,total,,53.5,0.11,0.13,0.11,3041.02,2943.2,KXNFLTOTAL-26OCT01PITCLE-54,2026-10-04T00:15:00Z
2026-09-29T22:53:24Z,2026,4,2026-10-01,PIT,CLE,total,,50.5,0.17,0.18,0.18,882.65,841.64,KXNFLTOTAL-26OCT01PITCLE-51,2026-10-04T00:15:00Z
2026-09-29T22:53:24Z,2026,4,2026-10-01,PIT,CLE,total,,47.5,0.21,0.23,0.21,224.17,199.47,KXNFLTOTAL-26OCT01PITCLE-48,2026-10-04T00:15:00Z
2026-09-29T22:53:24Z,2026,4,2026-10-01,PIT,CLE,total,,44.5,0.29,0.31,0.29,194.57,181.8,KXNFLTOTAL-26OCT01PITCLE-45,2026-10-04T00:15:00Z
2026-09-29T22:53:24Z,2026,4,2026-10-01,PIT,CLE,total,,41.5,0.38,0.39,0.39,1044.98,964.4,KXNFLTOTAL-26OCT01PITCLE-42,2026-10-04T00:15:00Z
2026-09-29T22:53:24Z,2026,4,2026-10-01,PIT,CLE,total,,40.5,0.42,0.43,0.42,677.84,677.84,KXNFLTOTAL-26OCT01PITCLE-41,2026-10-04T00:15:00Z
2026-09-29T22:53:24Z,2026,4,2026-10-01,PIT,CLE,total,,39.5,0.45,0.47,0.45,1361.92,1338.34,KXNFLTOTAL-26OCT01PITCLE-40,2026-10-04T00:15:00Z
2026-09-29T22:53:24Z,2026,4,2026-10-01,PIT,CLE,total,,38.5,0.48,0.49,0.49,35310.3,33219.08,KXNFLTOTAL-26OCT01PITCLE-39,2026-10-04T00:15:00Z
2026-09-29T22:53:24Z,2026,4,2026-10-01,PIT,CLE,total,,37.5,0.52,0.53,0.52,4406.27,3076.36,KXNFLTOTAL-26OCT01PITCLE-38,2026-10-04T00:15:00Z
2026-09-29T22:53:24Z,2026,4,2026-10-01,PIT,CLE,total,,36.5,0.56,0.57,0.57,315.24,287.44,KXNFLTOTAL-26OCT01PITCLE-37,2026-10-04T00:15:00Z
2026-09-29T22:53:24Z,2026,4,2026-10-01,PIT,CLE,total,,35.5,0.6,0.61,0.6,850.82,348.2,KXNFLTOTAL-26OCT01PITCLE-36,2026-10-04T00:15:00Z
2026-09-29T22:53:24Z,2026,4,2026-10-01,PIT,CLE,total,,32.5,0.68,0.7,0.69,628.68,571.73,KXNFLTOTAL-26OCT01PITCLE-33,2026-10-04T00:15:00Z
2026-09-29T22:53:24Z,2026,4,2026-10-01,PIT,CLE,total,,29.5,0.75,0.77,0.77,4068.82,4068.82,KXNFLTOTAL-26OCT01PITCLE-30,2026-10-04T00:15:00Z
2026-09-29T22:53:24Z,2026,4,2026-10-01,PIT,CLE,total,,26.5,0.83,0.84,0.84,4592.93,4473.36,KXNFLTOTAL-26OCT01PITCLE-27,2026-10-04T00:15:00Z
2026-09-29T22:53:24Z,2026,4,2026-10-01,PIT,CLE,total,,23.5,0.89,0.9,0.89,30401.38,28137.61,KXNFLTOTAL-26OCT01PITCLE-24,2026-10-04T00:15:00Z
2026-09-29T22:53:24Z,2026,4,2026-10-01,PIT,CLE,total,,20.5,0.93,0.94,0.94,19179.64,9042.34,KXNFLTOTAL-26OCT01PITCLE-21,2026-10-04T00:15:00Z
2026-09-29T22:53:24Z,2026,4,2026-10-01,PIT,CLE,total,,17.5,0.95,0.97,0.95,44436.72,41263.42,KXNFLTOTAL-26OCT01PITCLE-18,2026-10-04T00:15:00Z
